-- phpMyAdmin SQL Dump
-- version 4.6.4
-- https://www.phpmyadmin.net/
--
-- Host: 127.0.0.1
-- Generation Time: Dec 30, 2024 at 11:55 PM
-- Server version: 5.7.14
-- PHP Version: 5.6.25

SET SQL_MODE = "NO_AUTO_VALUE_ON_ZERO";
SET time_zone = "+00:00";


/*!40101 SET @OLD_CHARACTER_SET_CLIENT=@@CHARACTER_SET_CLIENT */;
/*!40101 SET @OLD_CHARACTER_SET_RESULTS=@@CHARACTER_SET_RESULTS */;
/*!40101 SET @OLD_COLLATION_CONNECTION=@@COLLATION_CONNECTION */;
/*!40101 SET NAMES utf8mb4 */;

--
-- Database: `soccer`
--

-- --------------------------------------------------------

--
-- Table structure for table `city`
--

CREATE TABLE `city` (
  `city_id` int(5) UNSIGNED NOT NULL,
  `city_name` varchar(80) NOT NULL,
  `country_id` int(3) DEFAULT NULL,
  `state` varchar(40) DEFAULT NULL,
  `X` decimal(11,8) DEFAULT NULL,
  `Y` decimal(11,8) DEFAULT NULL
) ENGINE=MyISAM DEFAULT CHARSET=latin1;

--
-- Dumping data for table `city`
--

INSERT INTO `city` (`city_id`, `city_name`, `country_id`, `state`, `X`, `Y`) VALUES
(1, 'Guadalajara', 32, NULL, '20.65969900', '-103.34960900'),
(2, 'Torreon', 32, NULL, '25.54284400', '-103.40678600'),
(3, 'Florence', 12, NULL, '43.76956000', '11.25581400'),
(4, 'Barcelona', 9, NULL, '41.38506400', '2.17340300'),
(5, 'Vila-real', 9, NULL, '39.93977100', '-0.10059300'),
(6, 'Porto', 7, NULL, '41.15794400', '-8.62910500'),
(7, 'Frankfurt am Main', 6, NULL, '50.11092200', '8.68212700'),
(8, 'Lisbon', 7, NULL, '38.72225200', '-9.13933700'),
(9, 'Carson', 13, 'California', '33.83167500', '-118.28169300'),
(10, 'San Sebastian', 9, NULL, '43.31833400', '-1.98123100'),
(11, 'Toluca', 32, NULL, '19.28261000', '-99.65566500'),
(12, 'Granada', 9, NULL, '37.17733600', '-3.59855700'),
(13, 'Leverkusen', 6, NULL, '51.04592500', '7.01922000'),
(14, 'Eindhoven', 11, NULL, '51.44164200', '5.46972200'),
(15, 'San Nicolas de los Garza', 32, NULL, '25.74934700', '-100.28689700'),
(16, 'Mexico City', 32, NULL, '19.43260800', '-99.13320800'),
(17, 'Pachuca', 32, NULL, '20.10106100', '-98.75913100'),
(18, 'Mazatlan', 32, NULL, '23.24941500', '-106.41114200'),
(19, 'Zamora', 32, NULL, '19.99017700', '-102.28340800'),
(20, 'Monterrey', 32, NULL, '25.68661400', '-100.31611300'),
(21, 'Cordoba', 32, NULL, '18.88389100', '-96.92377500'),
(22, 'Tepeji', 32, NULL, '19.91145100', '-99.35066000'),
(23, 'Cancun', 32, NULL, '21.16190800', '-86.85152800'),
(24, 'La Barca', 32, NULL, '20.29066100', '-102.54582200'),
(25, 'Culiacan', 32, NULL, '24.80906500', '-107.39401200'),
(26, 'Tijuana', 32, NULL, '32.51494700', '-117.03824700'),
(27, 'Tuxpan', 32, 'Veracruz', '20.95611500', '-97.40633500'),
(28, 'Ixhuatan', 32, NULL, '17.29376300', '-93.00830200'),
(29, 'Morelia', 32, NULL, '19.70595000', '-101.19498200'),
(30, 'Unterhaching', 6, NULL, '48.06891800', '11.62125300'),
(31, 'Sunderland', 8, NULL, '54.88615200', '-1.47857400'),
(32, 'Vancouver', 19, NULL, '49.28272900', '-123.12073800'),
(33, ' Ioannina', 14, NULL, '39.66502900', '20.85374700'),
(34, 'Pretoria', 29, NULL, '-25.74786800', '28.22927100'),
(35, 'Marseille', 10, NULL, '43.29648200', '5.36978000'),
(36, 'Wellington', 2, NULL, '-41.28646000', '174.77623600'),
(37, 'Leeds', 8, NULL, '53.80075500', '-1.54907700'),
(38, 'Samarinda', 27, NULL, '-0.49482300', '117.14361500'),
(39, 'Melbourne', 3, NULL, '-37.81362800', '144.96305800'),
(40, 'Newcastle', 3, NULL, '-32.92827100', '151.78168000'),
(41, 'Ipswich', 8, NULL, '52.05673600', '1.14822000'),
(42, 'Zwolle', 11, NULL, '52.51677500', '6.08302200'),
(43, 'Auckland', 2, NULL, '-36.84846000', '174.76333200'),
(44, 'Brisbane', 3, NULL, '-27.46977100', '153.02512400'),
(45, 'Reno', 13, 'Nevada', '39.52963300', '-119.81380300'),
(46, 'Gosford', 3, NULL, '-33.42666700', '151.34166700'),
(47, 'Waalwijk', 11, NULL, '51.68789500', '5.05748200'),
(48, 'Johannesburg', 29, NULL, '-26.20410300', '28.04730500'),
(49, 'Kozani', 14, NULL, '40.30058100', '21.78981300'),
(50, 'Beach Haven', 2, NULL, '-36.79195400', '174.68740300'),
(51, 'Goppingen', 6, NULL, '48.70543800', '9.65124900'),
(52, 'Hamilton', 2, NULL, '-37.78700100', '175.27925300'),
(53, 'Hastings', 2, NULL, '-39.63957800', '176.83923200'),
(54, 'Te Puke', 2, NULL, '-37.78616500', '176.32544500'),
(55, 'Lismore', 3, NULL, '-28.80931500', '153.28828800'),
(56, 'Lihue', 13, 'Hawaii', '21.98111100', '-159.37111100'),
(57, 'Geneva', 30, NULL, '46.20439100', '6.14315800'),
(58, 'Macclesfield', 8, NULL, '53.25866300', '-2.11928700'),
(59, 'Somerset West', 29, NULL, '-34.07569000', '18.84326600'),
(60, 'Sydney', 3, NULL, '-33.86882000', '151.20929600'),
(61, 'Dunedin', 2, NULL, '-45.87876000', '170.50279800'),
(62, 'Cagliari', 12, NULL, '39.22384100', '9.12166100'),
(63, 'Madrid', 9, NULL, '40.41677500', '-3.70379000'),
(64, 'Saint Petersburg', 1, NULL, '59.93428000', '30.33509900'),
(65, 'Dortmund', 6, NULL, '51.51358700', '7.46529800'),
(66, 'London', 8, NULL, '51.50735100', '-0.12775800'),
(67, 'Fontvieille', 10, NULL, '43.72552200', '4.70941000'),
(68, 'Valencia', 9, NULL, '39.46990800', '-0.37628800'),
(69, 'Istanbul', 15, NULL, '41.00823800', '28.97835900'),
(70, 'Marrazes', 7, NULL, '39.76345400', '-8.80505400'),
(71, 'Povoa de Varzim', 7, NULL, '41.38036900', '-8.76092900'),
(72, 'Maceio', 18, NULL, '-9.64984900', '-35.70894900'),
(73, 'Le Blanc-Mesnil', 10, NULL, '48.94134500', '2.46436000'),
(74, 'Penafiel', 7, NULL, '41.20504500', '-8.28751800'),
(75, 'Funchal', 7, NULL, '32.66693300', '-16.92405500'),
(76, 'Portimao', 7, NULL, '37.13617000', '-8.53769300'),
(77, 'Baguim do Monte', 7, NULL, '41.19189300', '-8.54116800'),
(78, 'Braga', 7, NULL, '41.54544900', '-8.42650700'),
(79, 'Bissau', 33, NULL, '11.88165500', '-15.61779400'),
(80, 'Luanda', 24, NULL, '-8.83998800', '13.28943700'),
(81, 'Grijo', 7, NULL, '41.02763600', '-8.57970400'),
(82, 'Braganca', 7, NULL, '41.80611300', '-6.75673800'),
(83, 'Praia', 34, NULL, '14.93305000', '-23.51332700'),
(84, 'Angra do Heroismo', 7, NULL, '38.66353800', '-27.22939700'),
(85, 'Singen', 6, NULL, '47.76709700', '8.87223900'),
(86, 'Angouleme', 10, NULL, '45.64837700', '0.15623700'),
(87, 'Moscow', 1, NULL, '55.75582600', '37.61730000'),
(88, 'Krasnodar', 1, NULL, '45.03926700', '38.98722100'),
(89, 'Rostov-on-Don', 1, NULL, '47.23571400', '39.70150500'),
(90, 'Kazan', 1, NULL, '55.83043100', '49.06608100'),
(91, 'Tula', 1, NULL, '54.20483600', '37.61849200'),
(92, 'Vidnoye', 1, NULL, '55.54708900', '37.69860100'),
(93, 'Kamensk-Uralsky', 1, NULL, '56.42533900', '61.92229800'),
(94, 'Voronezh', 1, NULL, '51.67549700', '39.20888200'),
(95, 'Komsomolsk-on-Amur', 1, NULL, '50.56703300', '136.96589500'),
(96, 'Stavropol', 1, NULL, '45.04547600', '41.96834300'),
(97, 'Millerovo', 1, NULL, '48.91826800', '40.40502800'),
(98, 'Saratov', 1, NULL, '51.59236500', '45.96080300'),
(99, 'Vladikavkaz', 1, NULL, '43.02523400', '44.66597600'),
(100, 'Naberezhnye Chelny', 1, NULL, '55.71850500', '52.37210400'),
(101, 'Mozdok', 1, NULL, '43.75376900', '44.64904300'),
(102, 'Mamakan', 1, NULL, '57.81477700', '114.01538800'),
(103, 'Slavyansk-na-Kubani', 1, NULL, '45.24555800', '38.14031100'),
(104, 'Cataguases', 18, NULL, '-21.38923400', '-42.69455000'),
(105, 'Kaltan', 1, NULL, '53.52162500', '87.26915700'),
(106, 'Tambov', 1, NULL, '52.72359800', '41.44230600'),
(107, 'Nizhny Tagil', 1, NULL, '57.92149100', '59.98161800'),
(108, 'Barnaul', 1, NULL, '53.35477900', '83.76978300'),
(109, 'Seville', 9, NULL, '37.38909200', '-5.98445900'),
(110, 'Zilina', 23, NULL, '49.21945000', '18.74080000'),
(111, 'Montbeliard', 10, NULL, '47.51035600', '6.79846600'),
(112, 'Prague', 26, NULL, '50.07553800', '14.43780000'),
(113, 'Montreal', 19, NULL, '45.50168900', '-73.56725600'),
(114, 'Altach', 16, NULL, '47.35356000', '9.64996000'),
(115, 'Lorient', 10, NULL, '47.74825200', '-3.37024500'),
(116, 'Kaiserslautern', 6, NULL, '49.44006600', '7.74912600'),
(117, 'Athens', 14, NULL, '37.98381000', '23.72753900'),
(118, 'Nea Smyrni', 14, NULL, '37.94428800', '23.71175600'),
(119, 'Zhengzhou', 20, NULL, '34.74661100', '113.62532800'),
(120, 'Metz', 10, NULL, '49.11930900', '6.17571600'),
(121, 'Ostend', 17, NULL, '51.21543000', '2.92865600'),
(122, 'Amsterdam', 11, NULL, '52.37021600', '4.89516800'),
(123, 'Edinburgh', 22, NULL, '55.95325200', '-3.18826700'),
(124, 'Trnava', 26, NULL, '49.29603200', '17.84191700'),
(125, 'Liege', 17, NULL, '50.63255700', '5.57966600'),
(126, 'Angers', 10, NULL, '47.47841900', '-0.56316600'),
(127, 'Mjondalen', 21, NULL, '59.74976300', '10.01419100'),
(128, 'Yaounde', 4, NULL, '3.84803300', '11.50207500'),
(129, 'Douala', 4, NULL, '4.05105600', '9.76786900'),
(130, 'Bandjoun', 4, NULL, '5.36740000', '10.41718100'),
(131, 'Bafang', 4, NULL, '5.16013600', '10.18713500'),
(132, 'Ndikinimeki', 4, NULL, '4.77116800', '10.82821600'),
(133, 'Garoua', 4, NULL, '9.32260200', '13.39338900'),
(134, 'Dakar', 36, NULL, '14.76450400', '-17.36602900'),
(216, 'Lyon', 10, NULL, '45.76404300', '4.83565900'),
(136, 'Buea', 4, NULL, '4.14818400', '9.24530200'),
(137, 'Bamenda', 4, NULL, '5.96305100', '10.15912100'),
(138, 'Paris', 10, NULL, '48.85661400', '2.35222200'),
(139, 'Genk', 17, NULL, '50.96613000', '5.50210000'),
(140, 'Yokohama', 28, NULL, '35.44370800', '139.63802600'),
(141, 'Trondheim', 21, NULL, '63.43051500', '10.39505300'),
(142, 'Abu Dhabi', 31, NULL, '24.45388400', '54.37734400'),
(143, 'Adelaide', 3, NULL, '-34.92849900', '138.60074600'),
(144, 'Ingolstadt', 6, NULL, '48.76653500', '11.42575400'),
(145, 'Bristol', 8, NULL, '51.45451300', '-2.58791000'),
(146, 'Lucerne', 30, NULL, '47.05016800', '8.30930700'),
(147, 'Shenyang', 20, NULL, '41.80569900', '123.43147200'),
(148, 'Stuttgart', 6, NULL, '48.77584600', '9.18293200'),
(149, 'Huddersfield', 8, NULL, '53.64579200', '-1.78503500'),
(150, 'Graz', 16, NULL, '47.07071400', '15.43950400'),
(151, 'Bursa', 15, NULL, '40.18852800', '29.06096400'),
(152, 'Grongingen', 11, NULL, '53.21938400', '6.56650200'),
(153, 'Guiyang', 20, NULL, '26.64766100', '106.63015300'),
(154, 'Milan', 12, NULL, '45.46420400', '9.18998200'),
(155, 'Burton upon Trent', 8, NULL, '52.81402800', '-1.63713600'),
(156, 'Glasgow', 22, NULL, '55.86423700', '-4.25180600'),
(157, 'Plumpton', 3, NULL, '-33.75310000', '150.83920000'),
(158, 'Knin', 43, NULL, '44.04077600', '16.19649900'),
(159, 'Sutherland', 3, NULL, '-34.03314000', '151.05830000'),
(160, 'Emerald', 3, NULL, '-23.52729100', '148.16457300'),
(161, 'Rose Park', 3, NULL, '-34.93072000', '138.62798000'),
(162, 'Vienna', 16, NULL, '48.20817400', '16.37381900'),
(163, 'Thornlie', 3, NULL, '-32.05800000', '115.95800000'),
(164, 'Griffith', 3, NULL, '-34.28008800', '146.04553100'),
(165, 'Manchester', 8, NULL, '53.48075900', '-2.24263100'),
(166, 'Recife', 18, NULL, '-8.04756200', '-34.87696400'),
(167, 'Santiago', 5, NULL, '-33.44889000', '-70.66926500'),
(168, 'Munich', 6, NULL, '48.13512500', '11.58198000'),
(169, 'Talcahuano', 5, NULL, '-36.72478300', '-73.11698100'),
(170, 'Vigo', 9, NULL, '42.24059900', '-8.72072700'),
(171, 'Buenos Aires', 25, NULL, '-34.60368400', '-58.38155900'),
(172, 'Porto Alegre', 18, NULL, '-30.03465600', '-51.21765800'),
(173, 'Aguascalientes', 32, NULL, '21.88525600', '-102.29156800'),
(174, 'Viluco', 5, NULL, '-33.77503100', '-70.79645600'),
(175, 'Vina del Mar', 5, NULL, '-33.01534800', '-71.55002800'),
(176, 'Ovalle', 5, NULL, '-30.60430400', '-71.19698800'),
(177, 'Buin', 5, NULL, '-33.73093700', '-70.74232200'),
(178, 'Quillota', 5, NULL, '-32.88030300', '-71.24971600'),
(179, 'Tocopilla', 5, NULL, '-22.08579800', '-70.19300600'),
(180, 'Talca', 5, NULL, '-35.42324400', '-71.64848000'),
(181, 'Tucuman', 25, NULL, '-26.80828500', '-65.21759000'),
(182, 'Antofagasta', 5, NULL, '-23.65092800', '-70.39750200'),
(183, 'Quintero', 5, NULL, '-32.77231000', '-71.53330000'),
(184, 'Diego de Almagro', 5, NULL, '-26.39024900', '-70.04753000'),
(185, 'Hualpen', 5, NULL, '-36.78667600', '-73.10995300'),
(186, 'Puente Alto', 5, NULL, '-33.61860800', '-70.59060600'),
(187, 'Iquique', 5, NULL, '-20.23070300', '-70.13566900'),
(188, 'Angol', 5, NULL, '-37.80607300', '-72.70380500'),
(189, 'Cologne', 6, NULL, '50.93753100', '6.96027900'),
(190, 'Berlin', 6, NULL, '52.52000700', '13.40495400'),
(191, 'Gelsenkirchen', 6, NULL, '51.51774400', '7.08571700'),
(192, 'Hoffenheim', 6, NULL, '49.27209700', '8.84087200'),
(193, 'Leipzig', 6, NULL, '51.33969600', '12.37307500'),
(194, 'Monchengladbach', 6, NULL, '51.18045700', '6.44280400'),
(195, 'Liverpool', 8, NULL, '53.40837100', '-2.99157300'),
(196, 'Rome', 12, NULL, '41.90278400', '12.49636600'),
(197, 'Merzig', 6, NULL, '49.44895900', '6.64378400'),
(198, 'Bad Hersfeld', 6, NULL, '50.87013500', '9.70196800'),
(199, 'Saarbrucken', 6, NULL, '49.24015700', '6.99693300'),
(200, 'Freiburg im Breisgau', 6, NULL, '47.99900800', '7.84210400'),
(201, 'Filderstadt', 6, NULL, '48.67819700', '9.21613500'),
(202, 'Bocholt', 6, NULL, '51.83842800', '6.61509200'),
(203, 'Gladbeck', 6, NULL, '51.57066200', '6.98539200'),
(204, 'Bochum', 6, NULL, '51.48184500', '7.21623600'),
(205, 'Herten', 6, NULL, '51.60205300', '7.13895800'),
(206, 'Bietigheim-Bissingen', 6, NULL, '48.94716100', '9.13050400'),
(207, 'Speyer', 6, NULL, '49.31727700', '8.44121700'),
(208, 'Frankfurt', 6, NULL, '50.11092200', '8.68212700'),
(209, 'Dusseldorf', 6, NULL, '51.22774100', '6.77345600'),
(210, 'Rottweil', 6, NULL, '48.16525800', '8.62845300'),
(211, 'Essen', 6, NULL, '51.45564300', '7.01155500'),
(212, 'Bremen', 6, NULL, '53.07929600', '8.80169400'),
(213, 'Villingen-Schwenningen', 6, NULL, '48.05940200', '8.46408700'),
(214, 'Herford', 6, NULL, '52.11783100', '8.67940000'),
(215, 'Southampton', 8, NULL, '50.90970000', '-1.40435100'),
(217, 'Turin', 12, NULL, '45.07033900', '7.68686400'),
(218, 'Leicester', 8, NULL, '52.63687800', '-1.13975900'),
(219, 'Newcastle upon Tyne', 8, NULL, '54.97825200', '-1.61778000'),
(220, 'Rennes', 10, NULL, '48.11726600', '-1.67779300'),
(221, 'Kinshasa', 54, NULL, '-4.44193100', '15.26629300'),
(222, 'Nice', 10, NULL, '43.71017300', '7.26195300'),
(223, 'Cognac', 10, NULL, '45.69104600', '-0.32874400'),
(224, 'Bastia', 10, NULL, '42.69728300', '9.45088100'),
(225, 'Tourcoing', 10, NULL, '50.72499300', '3.16207000'),
(226, 'Macon', 10, NULL, '46.30688400', '4.82873100'),
(227, 'St. Pierre Reunion', 10, NULL, '-21.32229100', '55.50255900'),
(228, 'Chambery', 10, NULL, '45.56460100', '5.91778100'),
(229, 'Martigues', 10, NULL, '43.40481100', '5.05372800'),
(230, 'Massy', 10, NULL, '48.73075600', '2.27137000'),
(231, 'Zellwiller', 10, NULL, '48.39736800', '7.49825400'),
(232, 'Colombes', 10, NULL, '48.92206200', '2.25333100'),
(233, 'Toulouse', 10, NULL, '43.60465200', '1.44420900'),
(234, 'Lagney-sur-Marne', 10, NULL, '48.87296000', '2.71301600'),
(235, 'Meaux', 10, NULL, '48.95620200', '2.88846600'),
(236, 'Sens', 10, NULL, '48.20065000', '3.28268000'),
(237, 'Tulle', 10, NULL, '45.26565000', '1.77169700'),
(238, 'Caen', 10, NULL, '49.18286300', '-0.37067900'),
(239, 'Watford', 8, NULL, '51.65648900', '-0.39032000'),
(240, 'Zagreb', 43, NULL, '45.81501100', '15.98191900'),
(241, 'Razgrad', 47, NULL, '43.53367200', '26.54111700'),
(242, 'Beersheba', 48, NULL, '31.25297300', '34.79146200'),
(243, 'Naples', 12, NULL, '40.85177500', '14.26812400'),
(244, 'Bucharest', 37, NULL, '44.42676700', '26.10253800'),
(245, 'Giurgiu', 37, NULL, '43.90370800', '25.96992600'),
(246, 'Ankara', 15, NULL, '39.93336400', '32.85974200'),
(247, 'Jeddah', 55, NULL, '21.28540700', '39.23755100'),
(248, 'Doha', 49, NULL, '25.28544700', '51.53104000'),
(249, 'Targa Jiu', 37, NULL, '45.03142800', '23.26893900'),
(250, 'Bacau', 37, NULL, '46.56704400', '26.91457500'),
(251, 'Constanta', 37, NULL, '44.15980100', '28.63481400'),
(252, 'Piatra-Olt', 37, NULL, '44.36988700', '24.26068900'),
(253, 'Resita', 37, NULL, '45.30497000', '21.88210300'),
(254, 'Baia Mare', 37, NULL, '47.65673900', '23.58498800'),
(255, 'Braila', 37, NULL, '45.26524600', '27.95947100'),
(256, 'Iasi', 37, NULL, '47.15845500', '27.60144200'),
(257, 'Mangalia', 37, NULL, '43.81524400', '28.57415000'),
(258, 'Cricau', 37, NULL, '46.17428100', '23.56972200'),
(259, 'Timisoara', 37, NULL, '45.74887200', '21.20867900'),
(260, 'Oradea', 37, NULL, '47.04650100', '21.91894400'),
(261, 'Botosani', 37, NULL, '47.74065400', '26.66581300'),
(262, 'Bailesti', 37, NULL, '44.02688200', '23.34540500'),
(263, 'Buzau', 37, NULL, '45.13711100', '26.81711200'),
(264, 'Bistrita', 37, NULL, '47.13926200', '24.48909800'),
(265, 'Slatina', 37, NULL, '44.43016800', '24.37169000'),
(266, 'Pitesti', 37, NULL, '44.85648000', '24.86918200'),
(267, 'Vaslui', 37, NULL, '46.64069200', '27.72764700'),
(268, 'Craiova', 37, NULL, '44.33017900', '23.79488100'),
(269, 'Nantes', 10, NULL, '47.21837100', '-1.55362100'),
(270, 'Lugano', 30, NULL, '46.00367800', '8.95105200'),
(271, 'Baku', 50, NULL, '40.40926200', '49.86709200'),
(272, 'Como', 12, NULL, '45.80806000', '9.08517600'),
(273, 'Pescara', 12, NULL, '42.46179000', '14.21609000'),
(274, 'Vaduz', 51, NULL, '47.14103000', '9.52092800'),
(275, 'Denver', 13, NULL, '39.73923600', '-104.99025100'),
(276, 'Korce', 38, NULL, '40.61407900', '20.77780700'),
(277, 'Zurich', 30, NULL, '47.37688700', '8.54169400'),
(278, 'Basel', 30, NULL, '47.55959900', '7.58857600'),
(279, 'Frosinone', 12, NULL, '41.65765300', '13.63627200'),
(280, 'Rijeka', 43, NULL, '45.32706300', '14.44217600'),
(281, 'Thessaloniki', 14, NULL, '40.64006300', '22.94441900'),
(282, 'Tirana', 38, NULL, '41.32754600', '19.81869800'),
(283, 'Pristina', 56, NULL, '42.66291400', '21.16550300'),
(284, 'Kavaje', 38, NULL, '41.18445300', '19.56276000'),
(285, 'Gjilan', 56, NULL, '42.46352100', '21.46940100'),
(286, 'Shkoder', 38, NULL, '42.06929900', '19.50325600'),
(287, 'Renens', 30, NULL, '46.53381000', '6.59137000'),
(288, 'Lausanne', 30, NULL, '46.51965400', '6.63227300'),
(289, 'Vlore', 38, NULL, '40.46606700', '19.49135600'),
(290, 'Cerrik', 38, NULL, '41.03274200', '19.97946000'),
(291, 'Durres', 38, NULL, '41.32459000', '19.45646900'),
(292, 'Gjakova', 56, NULL, '42.38441000', '20.42850200'),
(293, 'Hanau', 6, NULL, '50.12641200', '8.92831000'),
(294, 'Kumanovo', 57, NULL, '42.13229000', '21.72569400'),
(295, 'Fier', 38, NULL, '40.72750400', '19.56276000'),
(296, 'Bischofszell', 30, NULL, '47.53231600', '9.20596200'),
(297, 'Bern', 30, NULL, '46.94797400', '7.44744700'),
(298, 'Augsburg', 6, NULL, '48.37054500', '10.89779000'),
(299, 'Genoa', 12, NULL, '44.40565000', '8.94625600'),
(300, 'Stoke-on-Trent', 8, NULL, '53.00266800', '-2.17940400'),
(301, 'Morges', 30, NULL, '46.50881300', '6.49613000'),
(302, 'Adligenswil', 30, NULL, '47.07118600', '8.36474100'),
(303, 'Neuchatel', 30, NULL, '46.98998700', '6.92927300'),
(304, 'Egnach', 30, NULL, '47.52873000', '9.36989000'),
(305, 'Frauenfeld', 30, NULL, '47.55360000', '8.89875400'),
(306, 'Sursee', 30, NULL, '47.17148200', '8.11113100'),
(307, 'Mitrovica', 56, NULL, '42.89139100', '20.86600000'),
(308, 'St Gallen', 30, NULL, '47.42448200', '9.37671700'),
(309, 'Tetova', 57, NULL, '42.00691200', '20.97152700'),
(310, 'Hausen am Albis', 30, NULL, '47.24385100', '8.53379700'),
(311, 'Gostivar', 57, NULL, '41.80255400', '20.90893800'),
(312, 'Abidjan', 58, NULL, '5.35995200', '-4.00825600'),
(313, 'Munsingen', 30, NULL, '46.87468100', '7.56275300'),
(314, 'Wil', 30, NULL, '47.46356200', '9.04791000'),
(315, 'Burnley', 8, NULL, '53.78928800', '-2.24050300'),
(316, 'Shrewsbury', 8, NULL, '52.70730300', '-2.75532700'),
(317, 'Sheffield', 8, NULL, '53.38112900', '-1.47008500'),
(318, 'Doncaster', 8, NULL, '53.52282000', '-1.12846200'),
(319, 'Dronfield', 8, NULL, '53.30227900', '-1.46795900'),
(320, 'Greenwich', 8, NULL, '51.48257700', '-0.00765900'),
(321, 'Kingston', 59, NULL, '18.01787400', '-76.80990400'),
(322, 'St Albans', 8, NULL, '51.75272500', '-0.33943600'),
(323, 'Walthamstow', 8, NULL, '51.59017700', '-0.01734400'),
(324, 'Stockwell', 8, NULL, '51.46881300', '-0.12543900'),
(325, 'Hexham', 8, NULL, '54.97266500', '-2.11214400'),
(326, 'Birmingham', 8, NULL, '52.48624300', '-1.89040100'),
(327, 'Barnsley', 8, NULL, '53.55263000', '-1.47972600'),
(328, 'Cheltenham', 8, NULL, '51.89938600', '-2.07825300'),
(329, 'Stevenage', 8, NULL, '51.90376100', '-0.19661200'),
(330, 'Milton Keynes', 8, NULL, '52.04062200', '-0.75941700'),
(331, 'Southwark', 8, NULL, '51.48344800', '-0.08208800'),
(332, 'Wythenshawe', 8, NULL, '53.40145500', '-2.27128600'),
(333, 'Chester', 8, NULL, '53.19339200', '-2.89307500'),
(334, 'Grozny', 1, NULL, '43.31688000', '45.68148600'),
(335, 'Dnipro', 40, NULL, '48.46471700', '35.04618300'),
(336, 'Samara', 1, NULL, '53.24150400', '50.22124600'),
(337, 'Valuyki', 1, NULL, '50.20257400', '38.11805300'),
(338, 'Shishkin Les', 1, NULL, '55.41034700', '37.18908900'),
(339, 'Vladmir', 1, NULL, '56.14459600', '40.41786900'),
(340, 'Dedovsk', 1, NULL, '55.86284100', '37.12170500'),
(341, 'Norilsk', 1, NULL, '69.35579000', '88.18929400'),
(342, 'Reading', 8, NULL, '51.45426500', '-0.97813000'),
(343, 'Swansea', 39, NULL, '51.62144000', '-3.94364600'),
(344, 'West Bromwich', 8, NULL, '52.51766400', '-1.99515900'),
(345, 'Inverness', 22, NULL, '57.47777300', '-4.22472100'),
(346, 'Gillingham', 8, NULL, '51.38632200', '0.55143800'),
(347, 'Wolverhampton', 8, NULL, '52.58697300', '-2.12882000'),
(348, 'West Bridgford', 8, NULL, '52.93567300', '-1.13401700'),
(349, 'Aberdeen', 22, NULL, '57.14971700', '-2.09427800'),
(350, 'Bangor', 39, NULL, '53.22739000', '-4.12926300'),
(351, 'Newport', 39, NULL, '51.58415100', '-2.99766400'),
(352, 'St Asaph', 39, NULL, '53.25771300', '-3.44187600'),
(353, 'Neath', 39, NULL, '51.65699100', '-3.80547600'),
(354, 'Warrington', 8, NULL, '53.39004400', '-2.59695000'),
(355, 'Carmarthen', 39, NULL, '51.85762000', '-4.31213100'),
(356, 'Barnstaple', 8, NULL, '51.07816000', '-4.05833800'),
(357, 'Acton', 39, NULL, '53.05981200', '-2.97653100'),
(358, 'Caerphilly', 39, NULL, '51.57882900', '-3.21813400'),
(359, 'Cardiff', 39, NULL, '51.48158100', '-3.17909000'),
(360, 'Penygroes', 39, NULL, '53.05459000', '-4.28364500'),
(361, 'Pontesbury', 8, NULL, '52.65015600', '-2.88318500'),
(362, 'Pembury', 8, NULL, '51.14743500', '0.32882800'),
(363, 'Wrexham', 39, NULL, '53.04304000', '-2.99249400'),
(364, 'Abergele', 39, NULL, '53.28435500', '-3.58140500'),
(365, 'Amersham', 8, NULL, '51.67551800', '-0.60724100'),
(366, 'Bratislava', 23, NULL, '48.14859700', '17.10774800'),
(367, 'Jablonec nad Nisou', 26, NULL, '50.72205300', '15.17031400'),
(368, 'Warsaw', 41, NULL, '52.22967600', '21.01222900'),
(369, 'Budapest', 46, NULL, '47.49791200', '19.04023500'),
(370, 'Tilburg', 11, NULL, '51.58525300', '5.05637500'),
(371, 'Plzen', 26, NULL, '49.73843100', '13.37363700'),
(372, 'Bela Nad Cirochou', 23, NULL, '48.97748100', '22.10422400'),
(373, 'Handlova', 23, NULL, '48.72900800', '18.75987000'),
(374, 'Dunajska Streda', 23, NULL, '47.99163500', '17.62063100'),
(375, 'Revuca', 23, NULL, '48.68347000', '20.11381500'),
(376, 'Nitra', 23, NULL, '48.30614100', '18.07637600'),
(377, 'Snina', 23, NULL, '48.98765700', '22.15830200'),
(378, 'Demjata', 23, NULL, '49.10629400', '21.31493800'),
(379, 'Banska Bystrica', 23, NULL, '48.73627700', '19.14619200'),
(380, 'Matuskovo', 23, NULL, '48.16777700', '17.73268600'),
(381, 'Prievidza', 23, NULL, '48.77452100', '18.62453800'),
(382, 'Ziar nad Hronom', 23, NULL, '48.59050100', '18.85489500'),
(383, 'Kamenica nad Hronom', 23, NULL, '47.83158200', '18.72399900'),
(384, 'Ruzomberok', 23, NULL, '49.07523900', '19.30660000'),
(385, 'Bojnice', 23, NULL, '48.77883900', '18.58268700'),
(386, 'Uherske Hradiste', 26, NULL, '49.05979700', '17.49585000'),
(387, 'Brezno', 23, NULL, '48.80607300', '19.64381800'),
(388, 'Dolny Kubin', 23, NULL, '49.21267900', '19.29687500'),
(389, 'Wolfsburg', 6, NULL, '52.42265000', '10.78654600'),
(390, 'Haltern', 6, NULL, '51.74464100', '7.18297900'),
(391, 'Bergisch Gladbach', 6, NULL, '50.99230900', '7.12862100'),
(392, 'Kolbermoor', 6, NULL, '47.84833100', '12.06119200'),
(393, 'Ludwigshafen', 6, NULL, '49.47741000', '8.44518000'),
(394, 'Gliwice', 41, NULL, '50.29449200', '18.67138000'),
(395, 'Weilheim in Oberbayern', 6, NULL, '47.84068600', '11.14213800'),
(396, 'Bad Aibling', 6, NULL, '47.86401800', '12.00931700'),
(397, 'Greifswald', 6, NULL, '54.08654600', '13.39234100'),
(398, 'Memmingen', 6, NULL, '47.98380000', '10.18018800'),
(399, 'Riedlingen', 6, NULL, '48.15964900', '9.47133500'),
(400, 'Perm', 1, NULL, '58.02968100', '56.26679200'),
(401, 'Almaty', 52, NULL, '43.22201500', '76.85124900'),
(402, 'Kiev', 40, NULL, '50.45010000', '30.52340000'),
(403, 'Donetsk', 40, NULL, '48.01590000', '37.80280000'),
(404, 'Luhansk', 40, NULL, '48.57404100', '39.30781500'),
(405, 'Ufa', 1, NULL, '54.73876200', '55.97205500'),
(406, 'Melitopol', 40, NULL, '46.85502200', '35.35870000'),
(407, 'Lutsk', 40, NULL, '50.74723300', '25.32538300'),
(408, 'Velyka Novosilka', 40, NULL, '47.83596200', '36.84484600'),
(409, 'Kherson', 40, NULL, '46.63541700', '32.61686700'),
(410, 'Kropyvnytskyi', 40, NULL, '48.50793300', '32.26231700'),
(411, 'Makiivka', 40, NULL, '48.04595600', '37.96669000'),
(412, 'Poltava', 40, NULL, '49.58826700', '34.55141700'),
(413, 'Zaporizhia', 40, NULL, '47.83880000', '35.13956700'),
(414, 'Novovolynsk', 40, NULL, '50.73717600', '24.16588100'),
(415, 'Yamne', 40, NULL, '52.27335000', '33.01023500'),
(416, 'Milove', 40, NULL, '49.37562600', '40.14182200'),
(417, 'Pershotravensk', 40, NULL, '48.34614800', '36.40075600'),
(418, 'Radomyshl', 40, NULL, '50.49652800', '29.23373700'),
(419, 'Horlivka', 40, NULL, '48.30710000', '38.02963300'),
(420, 'Palermo', 12, NULL, '38.11568800', '13.36126700'),
(421, 'Krakow', 41, NULL, '50.06465000', '19.94498000'),
(422, 'Poznan', 41, NULL, '52.40637400', '16.92516800'),
(423, 'Bournemouth', 8, NULL, '50.71916400', '-1.88076900'),
(424, 'Chorzow', 41, NULL, '50.29748800', '18.95457300'),
(425, 'Gdansk', 41, NULL, '54.35202500', '18.64663800'),
(426, 'Empoli', 12, NULL, '43.71789200', '10.94777800'),
(427, 'Lubin', 41, NULL, '51.39772200', '16.20957900'),
(428, 'Debica', 41, NULL, '50.05164200', '21.41169600'),
(429, 'Curitiba', 18, NULL, '-25.42442900', '-49.26538200'),
(430, 'Zywiec', 41, NULL, '49.69130000', '19.18239800'),
(431, 'Tychy', 41, NULL, '50.12180100', '19.02000200'),
(432, 'Znin', 41, NULL, '52.84938500', '17.71947700'),
(433, 'Gryfice', 41, NULL, '53.91666000', '15.19988900'),
(434, 'Szczecin', 41, NULL, '53.42854400', '14.55281200'),
(435, 'Siedlce', 41, NULL, '52.16760300', '22.29016400'),
(436, 'Sieradz', 41, NULL, '51.59560100', '18.73029900'),
(437, 'Kutno', 41, NULL, '52.23061800', '19.36427800'),
(438, 'Jastrzebie-Zdroj', 41, NULL, '49.94542100', '18.61011000'),
(439, 'Truskolasy', 41, NULL, '50.86676900', '18.82655900'),
(440, 'Jaslo', 41, NULL, '49.74456600', '21.47228700'),
(441, 'Zabkowice Slaskie', 41, NULL, '50.58936200', '16.81324200'),
(442, 'Czechowice-Dziedzice', 41, NULL, '49.90160600', '18.99176800'),
(443, 'Tarnow', 41, NULL, '50.01210100', '20.98584100'),
(444, 'Kostrzyn nad Odra', 41, NULL, '52.58718900', '14.64944700'),
(445, 'Fleetwood', 8, NULL, '53.91666100', '-3.03567300'),
(446, 'Bermondsey', 8, NULL, '51.49858200', '-0.06912800'),
(447, 'Hamilton', 22, NULL, '55.77763300', '-4.05367900'),
(448, 'Wigan', 8, NULL, '53.54506500', '-2.63250700'),
(449, 'Nottingham', 8, NULL, '52.95478300', '-1.15810900'),
(450, 'Blackburn', 8, NULL, '53.74857500', '-2.48752900'),
(451, 'Kilmarnock', 22, NULL, '55.61471900', '-4.49879200'),
(452, 'Perth', 22, NULL, '56.39499400', '-3.43083800'),
(453, 'Enniskillen', 42, NULL, '54.34382400', '-7.63153400'),
(454, 'Belfast', 42, NULL, '54.59728500', '-5.93012000'),
(455, 'Derry', 42, NULL, '54.99661200', '-7.30857500'),
(456, 'Larne', 42, NULL, '54.85780000', '-5.82362200'),
(457, 'Rasharkin', 42, NULL, '54.95686000', '-6.48243000'),
(458, 'Dungannon', 42, NULL, '54.50827300', '-6.76693500'),
(459, 'Ballymena', 42, NULL, '54.86529400', '-6.28022100'),
(460, 'Solihull', 8, NULL, '52.41181100', '-1.77761000'),
(461, 'Chatham', 8, NULL, '51.38095200', '0.52213000'),
(462, 'Cookstown', 42, NULL, '54.64181600', '-6.74439000'),
(463, 'Portadown', 42, NULL, '54.42033300', '-6.45483900'),
(464, 'Ballyclare', 42, NULL, '54.75291400', '-6.00152200'),
(465, 'Bangor', 42, NULL, '54.65419700', '-5.67306500'),
(466, 'Borehamwood', 8, NULL, '51.65772800', '-0.27230800'),
(467, 'Toronto', 19, NULL, '43.65322600', '-79.38318400'),
(468, 'Bilbao', 9, NULL, '43.26301300', '-2.93498500'),
(469, 'Mostoles', 9, NULL, '40.32321300', '-3.86762900'),
(470, 'Pamplona', 9, NULL, '42.81252600', '-1.64577500'),
(471, 'Sant Jaume', 9, NULL, '39.57334900', '2.64808800'),
(472, 'Sabadell', 9, NULL, '41.54627500', '2.10861300'),
(473, 'Fuentealbilla', 9, NULL, '39.26751300', '-1.55113200'),
(474, 'Curtis', 9, NULL, '43.12380100', '-8.14653000'),
(475, 'Arenys de Mar', 9, NULL, '41.57970700', '2.55086800'),
(476, 'Santa Cruz de Tenerife', 9, NULL, '28.46363000', '-16.25184700'),
(477, 'San Pietro Vernotico', 12, NULL, '40.48751200', '17.99672900'),
(478, 'Camas', 9, NULL, '37.40117300', '-6.03218800'),
(479, 'Crevillent', 9, NULL, '38.24467600', '-0.81135300'),
(480, 'L Hospitalet de Llobregat', 9, NULL, '41.36618700', '2.11649400'),
(481, 'Artana', 9, NULL, '39.88849200', '-0.25261600'),
(482, 'Ondarroa', 9, NULL, '43.32093400', '-2.42149800'),
(483, 'Arguineguin', 9, NULL, '27.76196700', '-15.68331800'),
(484, 'Sanlucar de Barrameda', 9, NULL, '36.77257700', '-6.35296900'),
(485, 'Bordeaux', 10, NULL, '44.83778900', '-0.57918000'),
(486, 'Brighton and Hove', 8, NULL, '50.82262900', '-0.13704700'),
(487, 'Liberec', 26, NULL, '50.76628000', '15.05433900'),
(488, 'Vyskov', 26, NULL, '49.27745200', '16.99609900'),
(489, 'Trebic', 26, NULL, '49.21478700', '15.87955200'),
(490, 'Vsetin', 26, NULL, '49.33892500', '17.99385200'),
(491, 'Pelhrimov', 26, NULL, '49.43062100', '15.22298300'),
(492, 'Mestec Kralove', 26, NULL, '50.20718100', '15.29758700'),
(493, 'Opocno', 26, NULL, '50.26741500', '16.11480200'),
(494, 'Ostrava', 26, NULL, '49.82092300', '18.26252400'),
(495, 'Hustopece', 26, NULL, '48.94084600', '16.73762600'),
(496, 'Pardubice', 26, NULL, '50.03430900', '15.78119900'),
(497, 'Ceske Budejovice', 26, NULL, '48.97565800', '14.48025500'),
(498, 'Hradec Kralove', 26, NULL, '50.21036100', '15.82521100'),
(499, 'Trabzon', 15, NULL, '41.00269700', '39.71676300'),
(500, 'Beijing', 20, NULL, '39.90420000', '116.40739600'),
(501, 'Farum', 53, NULL, '55.81303900', '12.37079100'),
(502, 'Antalya', 15, NULL, '36.89689100', '30.71332300'),
(503, 'Bergama', 15, NULL, '39.12144900', '27.17991300'),
(504, 'Ludenscheid', 6, NULL, '51.21910400', '7.63126000'),
(505, 'Mannheim', 6, NULL, '49.48745900', '8.46603900'),
(506, 'Bafra', 15, NULL, '41.56195900', '35.90568600'),
(507, 'Iskenderun', 15, NULL, '36.58467300', '36.17561600'),
(508, 'Wetzlar', 6, NULL, '50.55898000', '8.50816500'),
(509, 'Fatih', 15, NULL, '41.01686400', '28.94704200'),
(510, 'Alasehir', 15, NULL, '38.35445800', '28.51654100'),
(511, 'Zaandam', 11, NULL, '52.44204000', '4.82919900'),
(512, 'Malatya', 15, NULL, '38.35536300', '38.33352500'),
(513, 'Orhaneli', 15, NULL, '39.94097900', '28.99943600'),
(514, 'Balikesir', 15, NULL, '39.65329800', '27.89034200'),
(515, 'Kassel', 15, NULL, '51.31846600', '9.50035300'),
(516, 'Copenhagen', 53, NULL, '55.67609700', '12.56833700'),
(517, 'Borcka', 15, NULL, '41.36370000', '41.67910000'),
(518, 'Menemen', 15, NULL, '38.61036600', '27.06965800'),
(519, 'Sassuolo', 12, NULL, '44.54433000', '10.78477400'),
(520, 'Split', 43, NULL, '43.50813200', '16.44019300'),
(521, 'Malaga', 9, NULL, '36.72127400', '-4.42139900'),
(522, 'Osijek', 43, NULL, '45.55496200', '18.69551400'),
(523, 'Derventa', 60, NULL, '44.97641900', '17.90704100'),
(524, 'Mohlin', 30, NULL, '47.55913000', '7.84425300'),
(525, 'Osijek', 43, NULL, '45.55496200', '18.69551400'),
(526, 'Derventa', 60, NULL, '44.97641900', '17.90704100'),
(527, 'Mohlin', 30, NULL, '47.55913000', '7.84425300'),
(528, 'Linz', 16, NULL, '48.30694000', '14.28583000'),
(529, 'Zadar', 43, NULL, '44.11937100', '15.23136500'),
(530, 'Metkovic', 43, NULL, '43.05328000', '17.64934300'),
(531, 'Sibenik', 43, NULL, '43.73502000', '15.89520400'),
(532, 'Varazdin', 43, NULL, '46.30574600', '16.33660700'),
(533, 'Solin', 43, NULL, '43.54225500', '16.49196300'),
(534, 'Slavonski Brod', 43, NULL, '45.16314300', '18.01160800'),
(535, 'Nasice', 43, NULL, '45.49468600', '18.09511200'),
(536, 'Vinkovci', 43, NULL, '45.28790600', '18.80567800'),
(537, 'Mechelen', 17, NULL, '51.02587600', '4.47753600'),
(538, 'Bruges', 17, NULL, '51.20934800', '3.22470000'),
(539, 'Bree', 17, NULL, '51.14099000', '5.59802000'),
(540, 'Antwerp', 17, NULL, '51.21944800', '4.40246400'),
(541, 'Kapellen', 17, NULL, '51.31400000', '4.43240000'),
(542, 'Sint-Niklaas', 17, NULL, '51.15588400', '4.15444100'),
(543, 'Ghent', 17, NULL, '51.05048000', '3.66330000'),
(544, 'Etterbeek', 17, NULL, '50.83257800', '4.38899400'),
(545, 'La Louviere', 17, NULL, '50.47480000', '4.18373900'),
(546, 'Vilvoorde', 17, NULL, '50.92725100', '4.42578700'),
(547, 'Sint-Truiden', 17, NULL, '50.81572500', '5.18625100'),
(548, 'Leuven', 17, NULL, '50.87984400', '4.70051800'),
(549, 'Jette', 17, NULL, '50.88085800', '4.32278900'),
(550, 'Sainte-Ode', 17, NULL, '50.02683000', '5.54655000'),
(551, 'Lubumbashi', 54, NULL, '-11.68760300', '27.50261700'),
(552, 'Wilrijk', 17, NULL, '51.16831000', '4.39428700'),
(553, 'Brussels', 17, NULL, '50.85034600', '4.35172100'),
(554, 'Farciennes', 17, NULL, '50.42994000', '4.54150000'),
(555, 'Bologna', 12, NULL, '44.49488700', '11.34261600'),
(556, 'Carrara', 12, NULL, '44.07932500', '10.09767700'),
(557, 'Pisa', 12, NULL, '43.72283900', '10.40168900'),
(558, 'Legnano', 12, NULL, '45.59006300', '8.90382500'),
(559, 'Cassino', 12, NULL, '41.48669500', '13.83321900'),
(560, 'Policoro', 12, NULL, '40.21410500', '16.67965600'),
(561, 'San Cesario di Lecce', 12, NULL, '40.30509700', '18.16396900'),
(562, 'Sao Bernardo do Campo', 18, NULL, '-23.68984300', '-46.56484800'),
(563, 'Torre Annunziata', 12, NULL, '40.75405500', '14.45091200'),
(564, 'Nuoro', 12, NULL, '40.32024200', '9.32643800'),
(565, 'Bassano del Grappa', 12, NULL, '45.76572900', '11.72727500'),
(566, 'Sanremo', 12, NULL, '43.81596700', '7.77605700'),
(567, 'Fiesole', 12, NULL, '43.80647900', '11.29315300'),
(568, 'Lauro Muller', 18, NULL, '-28.38564700', '-49.46694000'),
(569, 'Gallarate', 12, NULL, '45.66574300', '8.78792600'),
(570, 'Viterbo', 12, NULL, '42.42067700', '12.10766900'),
(571, 'Frattamaggiore', 12, NULL, '40.93618100', '14.27738800'),
(572, 'Savona', 12, NULL, '44.34255000', '8.42938900'),
(573, 'Bibbiena', 12, NULL, '43.73474100', '11.85495900'),
(574, 'Derby', 8, NULL, '52.92253000', '-1.47461900'),
(575, 'Hull', 8, NULL, '53.74567100', '-0.33674100'),
(576, 'Norwich', 8, NULL, '52.63088600', '1.29735500'),
(577, 'Killybegs', 44, NULL, '54.63476300', '-8.45470800'),
(578, 'Harrow', 8, NULL, '51.58055900', '-0.34199500'),
(579, 'Waterford', 44, NULL, '52.25932000', '-7.11007000'),
(580, 'Harlow', 8, NULL, '51.76778700', '0.08780600'),
(581, 'Clondalkin', 44, NULL, '53.32044800', '-6.39462600'),
(582, 'Rutherglen', 22, NULL, '55.82897200', '-4.22426900'),
(583, 'Gortnahoe', 44, NULL, '52.67574700', '-7.60278000'),
(584, 'Dublin', 44, NULL, '53.34980500', '-6.26031000'),
(585, 'Moreton', 8, NULL, '53.40459700', '-3.09883700'),
(586, 'Coventry', 8, NULL, '52.40682200', '-1.51969300'),
(587, 'Lifford', 44, NULL, '54.83287500', '-7.48563900'),
(588, 'Cork', 44, NULL, '51.89689200', '-8.48631600'),
(589, 'Bray', 44, NULL, '53.20090300', '-6.11107400'),
(590, 'Malmo', 61, NULL, '55.60498100', '13.00382200'),
(591, 'Norrkoping', 61, NULL, '58.58774500', '16.19242100'),
(592, 'Piraeus', 14, NULL, '37.94298600', '23.64698300'),
(593, 'Stockholm', 61, NULL, '59.32932300', '18.06858100'),
(594, 'Smygehamn', 61, NULL, '55.34410100', '13.37475800'),
(595, 'Umea', 61, NULL, '63.82584700', '20.26303500'),
(596, 'Falkenberg', 61, NULL, '56.90273300', '12.48880100'),
(597, 'Paarp', 61, NULL, '56.02856200', '12.81426400'),
(598, 'Gavle', 61, NULL, '60.67488000', '17.14127300'),
(599, 'Sundsvall', 61, NULL, '62.39081100', '17.30692700'),
(600, 'Eskilstuna', 61, NULL, '59.37124900', '16.50980500'),
(601, 'Sandviken', 61, NULL, '60.62160700', '16.77591800'),
(602, 'Torsby', 61, NULL, '60.14090700', '13.01021300'),
(603, 'Arlov', 61, NULL, '55.63450100', '13.07441000'),
(604, 'Vasteras', 61, NULL, '59.60990000', '16.54480900'),
(605, 'Gislaved', 61, NULL, '57.29850000', '13.54326000'),
(606, 'Kungalv', 61, NULL, '57.86975400', '11.97403200'),
(607, 'Bijelo Polje', 62, NULL, '43.03694200', '19.75619100'),
(608, 'Orebro', 61, NULL, '59.27526300', '15.21341100'),
(609, 'Kulu', 15, NULL, '39.09024500', '33.08052800'),
(610, 'Falun', 61, NULL, '60.60646000', '15.63550000'),
(611, 'Lille', 10, NULL, '50.62925000', '3.05725600'),
(612, 'Amarante', 7, NULL, '41.26963600', '-8.08264900'),
(613, 'Guimaraes', 7, NULL, '41.44253000', '-8.29178600'),
(614, 'Givors', 10, NULL, '45.58329000', '4.77282900'),
(615, 'Amadora', 7, NULL, '38.75776000', '-9.22454700'),
(616, 'Forte da Casa', 7, NULL, '38.87509200', '-9.05479200'),
(617, 'Mirandela', 7, NULL, '41.48535500', '-7.18087100'),
(618, 'Bodo', 21, NULL, '67.28035600', '14.40491600'),
(619, 'Gothenburg', 61, NULL, '57.70887000', '11.97456000'),
(620, 'Lokeren', 17, NULL, '51.10234100', '3.99406600'),
(621, 'Sandefjord', 21, NULL, '59.13131000', '10.21659500'),
(622, 'Aarhus', 53, NULL, '56.16293900', '10.20392100'),
(623, 'Cesena', 12, NULL, '44.13964400', '12.24642900'),
(624, 'Udine', 12, NULL, '46.07106700', '13.23457900'),
(625, 'Molde', 21, NULL, '62.73723500', '7.16073100'),
(626, 'Odense', 53, NULL, '55.40375600', '10.40237000'),
(627, 'Reykjavik', 45, NULL, '64.12652100', '-21.81743900'),
(628, 'Akureyri', 45, NULL, '65.68849200', '-18.12616900'),
(629, 'Kopavogur', 45, NULL, '64.10330200', '-21.88325800'),
(630, 'Grindavik', 45, NULL, '63.84418100', '-22.43838200'),
(631, 'Keflavik', 45, NULL, '63.99975500', '-22.55827200'),
(632, 'Selfoss', 45, NULL, '63.93346100', '-21.00138300'),
(633, 'Saudarkrokur', 45, NULL, '65.74094400', '-19.64047500'),
(634, 'Hafnarfjordur', 45, NULL, '64.02910500', '-21.96846300'),
(635, 'Darmstadt', 6, NULL, '49.87282500', '8.65119300'),
(636, 'Bruck an der Mur', 16, NULL, '47.40993000', '15.26861000'),
(637, 'Neunkirchen', 16, NULL, '47.72607000', '16.08121000'),
(638, 'Wels', 16, NULL, '48.16542000', '14.03664000'),
(639, 'Karachi', 63, NULL, '24.86146200', '67.00993900'),
(640, 'Feldkirchen in Karnten', 16, NULL, '46.72674100', '14.08888100'),
(641, 'Szombathely', 46, NULL, '47.23068500', '16.62184400'),
(642, 'Loznica', 64, NULL, '44.53134600', '19.20676600'),
(643, 'Hollabrunn', 16, NULL, '48.56257000', '16.07872300'),
(644, 'Salzburg', 16, NULL, '47.80949000', '13.05501000'),
(645, 'Umhausen', 16, NULL, '47.13582100', '10.92613000'),
(646, 'Kitzbuhel', 16, NULL, '47.44923800', '12.39254100'),
(647, 'Hohenems', 16, NULL, '47.36083100', '9.68671900'),
(648, 'Miskolc', 46, NULL, '48.10347800', '20.77843800'),
(649, 'Szekesfehervar', 46, NULL, '47.18602600', '18.42213600'),
(650, 'Debrecen', 46, NULL, '47.53160500', '21.62731200'),
(651, 'Felcsut', 46, NULL, '47.45418500', '18.58657700'),
(652, 'Al Rayyan', 49, NULL, '25.25225500', '51.43887100'),
(653, 'Nuremberg', 6, NULL, '49.45210200', '11.07666500'),
(654, 'Vezprem', 46, NULL, '47.10280900', '17.90930200'),
(655, 'Szekszard', 46, NULL, '46.34743300', '18.70622900'),
(656, 'Ozd', 46, NULL, '48.22414400', '20.28887000'),
(657, 'Pecs', 46, NULL, '46.07273500', '18.23226600'),
(658, 'Gyor', 46, NULL, '47.68745700', '17.65039700'),
(659, 'Szolnok', 46, NULL, '47.16213600', '20.18247100'),
(660, 'Kazincbarcika', 46, NULL, '48.24894400', '20.61897700'),
(661, 'Balassagyarmat', 46, NULL, '48.07118700', '19.29371400'),
(662, 'Senta', 64, NULL, '45.92601300', '20.07809400'),
(663, 'Sarvar', 46, NULL, '47.25242000', '16.92948700'),
(664, 'Komarno', 23, NULL, '47.76257900', '18.12941300'),
(665, 'Cegled', 46, NULL, '47.17379100', '19.79663200'),
(666, 'Hamburg', 6, NULL, '53.55108500', '9.99368200'),
(667, 'Hallein', 16, NULL, '47.68248000', '13.10037000'),
(668, 'Mainz', 6, NULL, '49.99286200', '8.24725300'),
(669, 'Hanover', 6, NULL, '52.37589200', '9.73201000'),
(670, 'Cordoba', 9, NULL, '37.88817500', '-4.77938300'),
(756, 'Jeollabuk-do', 72, NULL, '35.74999700', '127.24999900'),
(755, 'Kobe', 28, NULL, '34.69130000', '135.18299580'),
(754, 'Tel-Aviv', 48, NULL, '32.08087980', '34.78056650'),
(753, 'Anderlecht', 17, NULL, '50.83347830', '4.31969000'),
(752, 'Belgrade', 64, NULL, '44.80400870', '20.46512620'),
(751, 'Alajuela', 71, NULL, '10.01666930', '-84.21666650'),
(750, 'Heredia', 71, NULL, '9.99999750', '-84.11666720'),
(749, 'Sevilla', 9, NULL, '37.38240630', '-5.97612950'),
(748, 'San Jose', 71, NULL, '9.93332840', '-84.08332820'),
(747, 'Las Palmas', 9, NULL, '28.09973000', '-15.41343000'),
(746, 'Oslo', 21, NULL, '59.91272940', '10.74608770'),
(745, 'Randers', 53, NULL, '56.46666770', '10.04999870'),
(744, 'Wals-Siezenheim', 16, NULL, '47.78192830', '12.97616600'),
(743, 'Sao Paulo', 18, NULL, '-23.54749600', '-46.63610660'),
(742, 'Lima', 69, NULL, '-12.04317630', '-77.02823960'),
(741, 'Puebla', 32, NULL, '19.04999990', '-98.19999850'),
(740, 'Veracruz', 32, NULL, '19.19999650', '-96.13332620'),
(739, 'Brondbyvester', 53, NULL, '55.65028990', '12.40995960'),
(738, 'Bergamo', 12, NULL, '45.69797680', '9.66894590'),
(737, 'A Coruna', 9, NULL, '43.37134600', '-8.39599630'),
(736, 'Saitama', 28, NULL, '35.90806630', '139.65656640'),
(735, 'Suwon', 72, NULL, '37.29110960', '127.00888580'),
(734, 'Getafe', 9, NULL, '40.30570720', '-3.73294770'),
(733, 'Rotterdam', 11, NULL, '51.92249960', '4.47916770'),
(732, 'Alkmaar', 11, NULL, '52.63166950', '4.74860730'),
(731, 'Heerenveen', 11, NULL, '52.95928710', '5.91853960'),
(730, ' Isfahan', 67, NULL, '32.65246000', '51.67462000'),
(729, 'Tehran', 67, NULL, '35.69438840', '51.42150820'),
(728, 'Rio de Janeiro', 18, NULL, '-22.90277690', '-43.20749970'),
(727, 'Belo Horizonte', 18, NULL, '-19.92082990', '-43.93777820'),
(726, 'Montevideo', 66, NULL, '-34.83345800', '-56.16734560'),
(725, 'Riyadh', 55, NULL, '24.68772960', '46.72184920'),
(724, 'Giza', 65, NULL, '30.00807880', '31.21092650'),
(757, 'Jeju', 72, NULL, '33.50971760', '126.52193890'),
(758, 'Ulsan', 72, NULL, '35.53721910', '129.31666680'),
(759, 'Verona', 12, NULL, '45.43418900', '10.99778900'),
(760, 'Sangju', 72, NULL, '36.41527580', '128.16055790'),
(761, 'Guangdong', 20, NULL, '23.00000000', '113.00000000'),
(762, 'Tokyo', 28, NULL, '35.68949710', '139.69170990'),
(763, 'Osaka', 28, NULL, '34.69374000', '135.50218000'),
(764, 'Beveren', 17, NULL, '51.21187000', '4.25633000'),
(765, 'Tegucigalpa', 76, NULL, '14.08179680', '-87.20680760'),
(766, 'Callao', 69, NULL, '-12.06666980', '-77.14999990'),
(767, 'Tunis', 74, NULL, '36.81897000', '10.16579000'),
(768, 'Montpellier', 10, NULL, '43.61091590', '3.87722830'),
(769, 'Cali', 75, NULL, '3.43721960', '-76.52249710'),
(770, 'Asuncion', 77, NULL, '-25.30065760', '-57.63590770'),
(771, 'Manizales', 75, NULL, '5.06888630', '-75.51737920'),
(772, 'Kashima', 28, NULL, '33.10610730', '130.09055750'),
(773, 'Suita', 28, NULL, '34.76142950', '135.51566670'),
(774, 'Kawasaki', 28, NULL, '35.52055630', '139.71721940'),
(775, 'Kashiwa', 28, NULL, '35.85443760', '139.96888920'),
(776, 'Zabrze', 41, NULL, '50.32491890', '18.78575690'),
(777, 'Damietta', 65, NULL, '31.41647850', '31.81331600'),
(778, 'Banha', 65, NULL, '30.45905860', '31.17857740'),
(779, 'Beslan', 1, NULL, '43.19216820', '44.54312710'),
(780, 'Ulan Ude', 1, NULL, '51.82604620', '107.60978620'),
(781, 'Rosario', 66, NULL, '-34.31666840', '-57.34999890'),
(782, 'Juan Lacaze', 66, NULL, '-34.43332590', '-57.41666810'),
(783, 'Salto', 66, NULL, '-31.38332840', '-57.96666620'),
(784, 'Kashan', 67, NULL, '33.98308000', '51.43644000'),
(785, 'Shiraz', 67, NULL, '29.61031000', '52.53114000'),
(786, 'Ardabil', 67, NULL, '38.24980000', '48.29330000'),
(787, 'Ahvaz', 67, NULL, '31.31901000', '48.68420000'),
(788, 'Mashhad', 67, NULL, '36.31559000', '59.56796000'),
(789, 'Jirandeh', 67, NULL, '36.70008000', '49.79176000'),
(790, 'Lagarto', 18, NULL, '-10.89844000', '-37.67993000'),
(791, 'Horsens', 53, NULL, '55.86065590', '9.85033770'),
(792, 'Odder', 53, NULL, '55.97312870', '10.15299940'),
(793, 'Middelfart', 53, NULL, '55.50590900', '9.73053930'),
(794, 'Glostrup', 53, NULL, '55.66666920', '12.39999700'),
(795, 'Villa Maria del Triunfo', 69, NULL, '-12.13333000', '-76.93332960'),
(796, 'Chincha', 69, NULL, '-13.38332740', '-76.09999650'),
(797, 'Mercedes', 25, NULL, '-34.65145870', '-59.43067910'),
(798, 'Brest', 10, NULL, '48.39999960', '-4.48332690'),
(799, 'San Lorenzo', 25, NULL, '-28.13305790', '-58.76732620'),
(800, 'Maipu', 25, NULL, '-33.00000000', '-68.58333000'),
(801, 'La Plata', 25, NULL, '-34.92144720', '-57.95452570'),
(802, 'Flores', 25, NULL, '-34.62996760', '-58.46328760'),
(803, 'Zenica', 60, NULL, '44.20169000', '17.90397000'),
(804, 'Jos', 70, NULL, '9.91666560', '8.89999610'),
(805, 'Lagos', 70, NULL, '6.45305910', '3.39582970'),
(806, 'Kaduna', 70, NULL, '10.52223640', '7.43827810'),
(807, 'Paranavai', 18, NULL, '-23.07305860', '-52.46527620'),
(808, 'Jaragua de Sul', 18, NULL, '-26.48610980', '-49.06666950'),
(809, 'Mogi das Cruzes', 18, NULL, '-23.52277850', '-46.18832620'),
(810, 'Londrina', 18, NULL, '-23.31027960', '-51.16277950'),
(811, 'Teofilo Otoni', 18, NULL, '-17.85749650', '-41.50527590'),
(812, 'Ribeirao Pires', 18, NULL, '-23.71056000', '-46.41333000'),
(813, 'San Isidro', 71, NULL, '9.37209870', '-83.70398980'),
(814, 'Ciudad Quesada', 71, NULL, '10.32380830', '-84.42713610'),
(815, 'Masaya', 82, NULL, '11.97443720', '-86.09416680'),
(816, 'Hatillo de San Jose', 71, NULL, '9.91472000', '-84.09727000'),
(817, 'Liberia', 71, NULL, '10.63503760', '-85.43771670'),
(818, 'Limon', 71, NULL, '9.99074000', '-83.03596000'),
(819, 'Sremska Mitrovica', 64, NULL, '44.97638740', '19.61221890'),
(820, 'Lachen', 30, NULL, '47.19152000', '8.85620000'),
(821, 'Seoul', 72, NULL, '37.56825740', '126.97782810'),
(822, 'Degerfors', 61, NULL, '59.23796960', '14.43076980'),
(823, 'Ukkel', 17, NULL, '50.80225000', '4.33943000'),
(824, 'Preston', 8, NULL, '53.76666980', '-2.71666590'),
(825, 'Medellin', 75, NULL, '6.25183660', '-75.56358780'),
(826, 'Padilla', 75, NULL, '3.06666930', '-76.31666680'),
(827, 'Quibdo Choco', 75, NULL, '5.69471980', '-76.66110920'),
(828, 'Puerto Colombia', 75, NULL, '11.01667000', '-74.88333000'),
(829, 'Bogota', 75, NULL, '4.60970780', '-74.08174670'),
(830, 'Santa Marta', 75, NULL, '11.24078840', '-74.19903870'),
(831, 'Cucuta', 75, NULL, '7.89390690', '-72.50781700'),
(832, 'Necocli', 75, NULL, '8.42341750', '-76.78596990'),
(833, 'Settsu', 28, NULL, '34.77599990', '135.56957890'),
(834, 'Ehime', 28, NULL, '33.62579920', '132.85471810'),
(835, 'Takarazuka', 28, NULL, '34.79935840', '135.35696740'),
(836, 'Hyogo', 28, NULL, '35.04031870', '134.82596750'),
(837, 'Omihachiman', 28, NULL, '35.12860940', '136.09760000'),
(838, 'Kaseda', 28, NULL, '31.41667000', '130.31667000'),
(839, 'Nabari', 28, NULL, '34.61667000', '136.08333000'),
(840, 'Fujieda', 28, NULL, '34.86666650', '138.26666990'),
(841, 'New York City', 13, NULL, '40.71158990', '-74.01246760'),
(842, 'Nagasaki', 28, NULL, '32.74471860', '129.87360820'),
(843, 'Lowicz', 41, NULL, '52.10713570', '19.94524970'),
(844, 'Buraidah', 55, NULL, '26.35923100', '43.98181200'),
(845, 'Los Angeles', 13, NULL, '34.05223400', '-118.24368500'),
(846, 'Cairo', 65, NULL, '30.04442000', '31.23571200'),
(847, 'Al-Hasa', 55, NULL, '25.38002600', '49.58876500'),
(848, 'Kuopio', 78, NULL, '62.89797000', '27.67817200'),
(849, 'Leganes', 9, NULL, '40.33195100', '-3.76865500'),
(850, 'Girona', 9, NULL, '41.97940100', '2.82142600'),
(851, 'Avellaneda', 25, NULL, '-34.66107600', '-58.36697400'),
(852, 'Fuladshahr', 67, NULL, '32.48034400', '51.39946700'),
(853, 'Ostersund', 61, NULL, '63.17668300', '14.63606800'),
(854, 'Berkane', 68, NULL, '34.91772800', '-2.31230300'),
(855, 'Soria', 9, NULL, '41.76659700', '-2.47903100'),
(856, 'Tangier', 68, NULL, '35.75946500', '-5.83395400'),
(857, 'Dalian', 20, NULL, '38.91400300', '121.61468200'),
(858, 'Izmir', 15, NULL, '38.42373400', '27.14282600'),
(859, 'Brentford', 8, NULL, '51.48607300', '-0.31011700'),
(860, 'null', 25, NULL, '-38.41609700', '-63.61667200'),
(861, 'Barranquilla', 75, NULL, '11.00410700', '-74.80698100'),
(862, 'Portland', 13, 'OR', '45.51223100', '-122.65871900'),
(863, 'Orlando', 13, NULL, '28.53833600', '-81.37923600'),
(864, 'Aalborg', 53, NULL, '57.04882000', '9.92174700'),
(865, 'Cajamarca', 69, NULL, '-7.16174600', '-78.51278500'),
(866, 'Arequipa', 69, NULL, '-16.40904700', '-71.53745100'),
(867, 'Langfang', 20, NULL, '39.53804700', '116.68375200'),
(868, 'Roskilde', 53, NULL, '55.64191000', '12.08784500'),
(869, 'Sofia', 47, NULL, '42.69770800', '23.32186800'),
(870, 'Karabuk', 15, NULL, '41.18748900', '32.74174200'),
(871, 'Sandhausen', 6, NULL, '49.34339300', '8.65790000'),
(872, 'Aba', 70, NULL, '5.12158800', '7.37326600'),
(873, 'Changchun', 20, NULL, '43.81707100', '125.32354400'),
(874, 'Tianjin', 20, NULL, '39.34335700', '117.36164800'),
(875, 'Crotone', 12, NULL, '39.08079300', '17.12711000'),
(876, 'Port Elizabeth', 29, NULL, '-33.96083700', '25.60224200'),
(877, 'The Hague', 11, NULL, '52.07049800', '4.30070000'),
(878, 'Rionegra', 75, NULL, '6.14483700', '-75.37508500'),
(879, 'Minneapolis', 13, NULL, '44.97775300', '-93.26501100'),
(880, 'Eibar', 9, NULL, '43.19654400', '-2.47030600'),
(881, 'Tosu', 28, NULL, '33.37775500', '130.50625800'),
(882, 'Seongnam', 72, NULL, '37.44491700', '127.13886800'),
(883, 'Asan', 72, NULL, '36.78979600', '127.00184900'),
(884, 'Incheon', 72, NULL, '37.45625600', '126.70520600'),
(885, 'Daegu', 72, NULL, '35.87143500', '128.60144500'),
(886, 'Al Ain', 31, NULL, '24.13016200', '55.80231200'),
(887, 'Vitoria-Gasteiz', 9, NULL, '42.85916600', '-2.68179200'),
(888, 'Guingamp', 10, NULL, '48.56136600', '-3.14835200'),
(889, 'Seattle', 13, NULL, '47.60621000', '-122.33207100'),
(890, 'Harrison', 13, 'NJ', '40.74650000', '-74.15630000'),
(891, 'San Jose', 13, NULL, '37.33820800', '-121.88632900'),
(892, 'Bucaramanga', 75, NULL, '7.11934900', '-73.12274200'),
(893, 'Guatemala City', 79, NULL, '14.63491500', '-90.50688200'),
(894, 'Tapachula', 32, NULL, '14.90556000', '-92.26342100'),
(895, 'Panama City', 73, NULL, '8.98237900', '-79.51987000'),
(896, 'Houston', 13, NULL, '29.76042700', '-95.36980300'),
(897, 'La Chorrera', 73, NULL, '8.88289400', '-79.77363100'),
(898, 'Sfax', 74, NULL, '34.73982200', '10.76002000'),
(899, 'Dijon', 10, NULL, '47.32204700', '5.04148000'),
(900, 'Sousse', 74, NULL, '35.82450300', '10.63458400'),
(901, 'Troyes', 10, NULL, '48.29734500', '4.07440100'),
(902, 'Dammam', 55, NULL, '26.42068300', '50.08879400'),
(903, 'Hafar Al-Batin', 55, NULL, '28.35952200', '45.94201200'),
(904, 'Chateauroux', 10, NULL, '46.81143400', '1.68677900'),
(905, 'Ferrara', 12, NULL, '44.83812400', '11.61978700'),
(906, 'Amiens', 10, NULL, '49.89406700', '2.29575300'),
(907, 'Conakry', 80, NULL, '9.64118500', '-13.57840100'),
(908, 'Alanya', 15, NULL, '36.54444300', '31.99540800'),
(909, 'Eupen', 17, NULL, '50.62920300', '6.03371100'),
(910, 'Ismailia', 65, NULL, '30.59649200', '32.27145900'),
(911, 'El Mahalla El Kubra', 65, NULL, '30.96967100', '31.16808300'),
(912, 'Nagrig', 65, NULL, '30.97629800', '30.86712000'),
(913, 'Belbais', 65, NULL, '30.41583800', '31.56211800'),
(914, 'Aswan', 65, NULL, '24.08893800', '32.89982900'),
(915, 'Kafr El Sheikh', 65, NULL, '31.11065900', '30.93878000'),
(916, 'Alexandria', 65, NULL, '31.20009200', '29.91873900'),
(917, 'El Hamool', 65, NULL, '31.31133400', '31.14625800'),
(918, 'Sao Caetano do Sul', 18, NULL, '-23.62336200', '-46.55524300'),
(919, 'Nizhny Novgorod', 1, NULL, '56.29650400', '43.93605900'),
(920, 'Irkutsk', 1, NULL, '52.28697400', '104.30501800'),
(921, 'Mecca', 55, NULL, '21.38908200', '39.85791200'),
(922, 'Diriyah', 55, NULL, '24.75136500', '46.53552000'),
(923, 'Medina', 55, NULL, '24.52465400', '39.56918400'),
(924, 'Hofuf', 55, NULL, '25.38002600', '49.58876500'),
(925, 'Khobar', 55, NULL, '26.21719100', '50.19713800'),
(926, 'Muhayil', 55, NULL, '18.54739500', '42.05344000'),
(927, 'Toledo', 66, NULL, '-34.74068200', '-56.08633300'),
(928, 'Nueva Helvecia', 66, NULL, '-34.30428800', '-57.23105200'),
(929, 'Punta del Este', 66, NULL, '-34.93687900', '-54.92815000');
INSERT INTO `city` (`city_id`, `city_name`, `country_id`, `state`, `X`, `Y`) VALUES
(930, 'Nuevo Berlin', 66, NULL, '-32.98095500', '-58.04700100'),
(931, 'Tala', 66, NULL, '-34.34305600', '-55.76481600'),
(932, 'Maldonado', 66, NULL, '-34.90540800', '-54.95017100'),
(933, 'Fray Bentos', 66, NULL, '-33.12280500', '-58.29755500'),
(934, 'Canelones', 66, NULL, '-34.52910400', '-56.28734800'),
(935, 'Paysandu', 66, NULL, '-32.27067900', '-58.08113400'),
(936, 'Sarab-e Yas', 67, NULL, '33.43029100', '48.34270300'),
(937, 'Eshtehard', 67, NULL, '35.72438300', '50.36618000'),
(938, '	Bandar-e Anzali', 67, NULL, '37.46390900', '49.47986300'),
(939, 'Pain Ganj Afruz', 67, NULL, '36.45814500', '52.70012200'),
(940, 'Zarandin-e Sofla', 67, NULL, '32.42790800', '53.68804600'),
(941, 'Darreh-ye Badam', 67, NULL, '33.63510800', '49.75818000'),
(942, 'Gachsaran', 67, NULL, '30.36597600', '50.79363000'),
(943, 'Bushehr', 67, NULL, '28.92338400', '50.82031400'),
(944, 'Gonbad-e Kavus', 67, NULL, '37.24066800', '55.15965900'),
(945, 'Semeskande', 67, NULL, '32.42790800', '53.68804600'),
(946, 'Casablanca', 68, NULL, '33.57311000', '-7.58984300'),
(947, 'Saint-Max', 10, NULL, '48.70551200', '6.20642000'),
(948, 'Courcouronnes', 10, NULL, '48.61787100', '2.40709100'),
(949, 'Bourg-de-Peage', 10, NULL, '45.04041900', '5.05094800'),
(950, 'Dronten', 11, NULL, '52.53468200', '5.72180900'),
(951, 'Enschede', 11, NULL, '52.22153700', '6.89366200'),
(952, 'Avignon', 10, NULL, '43.94931700', '4.80552800'),
(953, 'Rouen', 10, NULL, '49.44323200', '1.09997100'),
(954, 'Melilla', 9, NULL, '35.29227800', '-2.93809700'),
(955, 'Bagnols-sur-Ceze', 10, NULL, '44.16252000', '4.62007500'),
(956, 'Toul', 10, NULL, '48.67829600', '5.89015900'),
(957, 'Naarden', 11, NULL, '52.29525500', '5.16042400'),
(958, 'Pontoise', 10, NULL, '49.05096600', '2.10064500'),
(959, 'Fez', 68, NULL, '34.01812500', '-5.00784500'),
(960, 'Maia', 7, NULL, '41.22788900', '-8.62104900'),
(961, 'Huizen', 11, NULL, '52.29946500', '5.24339300'),
(962, 'Benavente', 7, NULL, '38.98174000', '-8.80955500'),
(963, 'Sines', 7, NULL, '37.95715600', '-8.86089100'),
(964, 'Elche', 9, NULL, '38.26993300', '-0.71256100'),
(965, 'Moana', 9, NULL, '42.30773700', '-8.71508300'),
(966, 'Palma', 9, NULL, '39.56960100', '2.65016000'),
(967, 'Benalmadena', 9, NULL, '36.59879700', '-4.51680600'),
(968, 'Albury', 3, NULL, '-36.07372900', '146.91354200'),
(969, 'Wollongong', 3, NULL, '-34.42781200', '150.89306100'),
(970, 'Armadale', 3, NULL, '-32.15300000', '116.01500000'),
(971, 'Camperdown', 3, NULL, '-33.89013000', '151.17988000'),
(972, 'Khorramabad', 67, NULL, '33.46468300', '48.33896400'),
(973, 'Bunbury', 3, NULL, '-33.32563600', '115.63964900'),
(974, 'Hvidovre', 53, NULL, '55.64252200', '12.47538600'),
(975, 'Esbjerg', 53, NULL, '55.47646600', '8.45940500'),
(976, 'Lillerod', 53, NULL, '55.86847200', '12.34297700'),
(977, 'Frederiksberg', 53, NULL, '55.67706900', '12.51332100'),
(978, 'Ballerup', 53, NULL, '55.72450800', '12.35476500'),
(979, 'Silkeborg', 53, NULL, '56.17636200', '9.55492200'),
(980, 'Viborg', 53, NULL, '56.45202700', '9.39634700'),
(981, 'Kolding', 53, NULL, '55.49597300', '9.47305200'),
(982, 'Sakskobing', 53, NULL, '54.79823600', '11.63122600'),
(983, 'Gladsaxe', 53, NULL, '55.74276500', '12.47479600'),
(984, 'Kampala', 81, NULL, '0.34759600', '32.58252000'),
(985, 'Maubeuge', 10, NULL, '50.28022800', '3.96740000'),
(986, 'Beaumont-sur-Oise', 10, NULL, '49.14155100', '2.28460100'),
(987, 'Baie-Mahault', 10, NULL, '16.25269500', '-61.55777200'),
(988, 'Vernon', 10, NULL, '49.09195800', '1.48810700'),
(989, 'Tarare', 10, NULL, '45.89676000', '4.43342500'),
(990, 'La Garenne-Colombes', 10, NULL, '48.90653500', '2.24408500'),
(991, 'Orleans', 10, NULL, '47.90296400', '1.90925100'),
(992, 'Longjumeau', 10, NULL, '48.69306400', '2.29476200'),
(993, 'Tingo Maria', 69, NULL, '-9.29665800', '-76.00178300'),
(994, 'Tarapoto', 69, NULL, '-6.48247800', '-76.37268900'),
(995, 'Trujillo', 69, NULL, '-8.10905200', '-79.02153400'),
(996, 'Rosario', 25, NULL, '-32.94424300', '-60.65053900'),
(997, 'Puerto Madryn', 25, NULL, '-42.76944800', '-65.03171800'),
(998, 'Zapala', 25, NULL, '-38.90316200', '-70.06490100'),
(999, 'Casilda', 25, NULL, '-33.04452200', '-61.16502100'),
(1000, 'General Paz', 25, NULL, '-35.50033200', '-58.41733600'),
(1001, 'Laguna Larga', 25, NULL, '-31.77684700', '-63.79987600'),
(1002, 'Cordoba', 25, NULL, '-31.42008300', '-64.18877600'),
(1003, 'Santa Elena', 25, NULL, '-30.94628900', '-59.78537700'),
(1004, 'Akranes', 45, NULL, '64.32192400', '-22.07028500'),
(1005, 'Dragor', 53, NULL, '55.59402300', '12.66050300'),
(1006, 'Yenagoa', 70, NULL, '4.92116200', '6.27477300'),
(1007, 'Benin City', 70, NULL, '6.33498600', '5.60374600'),
(1008, 'Haarlem', 11, NULL, '52.38738800', '4.64621900'),
(1009, 'Sokoto', 70, NULL, '13.00587300', '5.24755200'),
(1010, 'Onitsha', 70, NULL, '6.13294200', '6.79239900'),
(1011, 'Imo', 70, NULL, '5.60389900', '7.00683900'),
(1012, 'Nnewi', 70, NULL, '6.01051900', '6.91034500'),
(1013, 'Enugu', 70, NULL, '6.45836600', '7.54638900'),
(1014, 'Nwangele', 70, NULL, '5.71738500', '7.12517000'),
(1015, 'Novo Hamburgo', 18, NULL, '-29.75773700', '-51.03319300'),
(1016, 'Sao Jose dos Campos', 18, NULL, '-23.22370100', '-45.90090700'),
(1017, 'Sapucaia do Sul', 18, NULL, '-29.82265400', '-51.14790900'),
(1018, 'Veranopolis', 18, NULL, '-28.94290300', '-51.55072000'),
(1019, 'Pelotas', 18, NULL, '-31.76539900', '-52.33758900'),
(1020, 'Osasco', 18, NULL, '-23.53720500', '-46.79623200'),
(1021, 'Desamparados', 71, NULL, '9.89697100', '-84.06167100'),
(1022, 'Guapiles', 71, NULL, '10.21335000', '-83.78688700'),
(1023, 'Zrenjanin', 64, NULL, '45.38156100', '20.36857400'),
(1024, 'Kragujevac', 64, NULL, '44.01279300', '20.91142300'),
(1025, 'Nis', 64, NULL, '43.32090200', '21.89575900'),
(1026, 'Smederevo', 64, NULL, '44.66589400', '20.93351700'),
(1027, 'Backa Topola', 64, NULL, '45.81442400', '19.63795500'),
(1028, 'Negotin', 64, NULL, '44.22887500', '22.53106700'),
(1029, 'Drvar', 60, NULL, '44.37111400', '16.38129100'),
(1030, 'Bijeljina', 60, NULL, '44.75695100', '19.21502200'),
(1031, 'Lleida', 9, NULL, '41.61759000', '0.62001500'),
(1032, 'Lleida', 64, NULL, '41.61759000', '0.62001500'),
(1033, 'Novi Pazar', 64, NULL, '43.14069800', '20.52136200'),
(1034, 'Subotica', 64, NULL, '46.10054700', '19.66505900'),
(1035, 'Neftenbach', 30, NULL, '47.52665400', '8.66882300'),
(1036, 'Ennenda', 30, NULL, '47.03387800', '9.07755300'),
(1037, 'Winterthur', 30, NULL, '47.49882000', '8.72368900'),
(1038, 'Ahome', 32, NULL, '25.79040600', '-108.99173000'),
(1039, 'Hermosillo', 32, NULL, '29.07296700', '-110.95591900'),
(1040, 'Tlalnepantla de Baz', 32, NULL, '19.53452800', '-99.19073600'),
(1041, 'Cardenas', 32, NULL, '33.71659600', '-116.23000000'),
(1042, 'Gwacheon', 72, NULL, '37.42924600', '126.98744500'),
(1043, 'Chuncheon', 72, NULL, '37.88131500', '127.72997100'),
(1044, 'Anyang', 72, NULL, '37.39425300', '126.95682100'),
(1045, 'Jinju', 72, NULL, '35.17998200', '128.10762100'),
(1046, 'Nonsan', 72, NULL, '36.18706600', '127.09874500'),
(1047, 'Hwaseong', 72, NULL, '37.19949300', '126.83118900'),
(1048, 'Gwangju', 72, NULL, '35.15954500', '126.85260100'),
(1049, 'Jeonju', 72, NULL, '35.82422400', '127.14795300'),
(1050, 'Masan', 72, NULL, '35.21351600', '128.58143300'),
(1051, 'Ranneslov', 61, NULL, '56.45304400', '13.07158000'),
(1052, 'Varnamo', 61, NULL, '57.18316100', '14.04782100'),
(1053, 'Knatte', 61, NULL, '57.85102600', '13.54480300'),
(1054, 'Bonheiden', 17, NULL, '51.02221000', '4.54803000'),
(1055, 'Sint-Pieters-Leeuw', 17, NULL, '50.77980000', '4.24368000'),
(1056, 'Passendale', 17, NULL, '50.90025800', '3.02073300'),
(1057, 'Washington', 13, NULL, '38.90720000', '-77.03690000'),
(1058, 'Bury', 8, NULL, '53.59335000', '-2.29660500'),
(1059, 'Bradford', 8, NULL, '53.79598400', '-1.75939800'),
(1060, 'Soham', 8, NULL, '52.33521200', '0.33750800'),
(1061, 'Colon', 73, NULL, '9.35930200', '-79.89986100'),
(1062, 'Bizerte', 74, NULL, '37.27675800', '9.86416100'),
(1063, 'Aryanah', 74, NULL, '36.86653700', '10.16472300'),
(1064, 'Ajaccio', 10, NULL, '41.91922900', '8.73863500'),
(1065, 'Cannes', 10, NULL, '43.55284700', '7.01736900'),
(1066, 'Kairouan', 74, NULL, '35.67116600', '10.10054700'),
(1067, 'Lunel', 10, NULL, '43.67445000', '4.13536600'),
(1068, 'Gabes', 74, NULL, '33.88807700', '10.09752200'),
(1069, 'Manouba', 74, NULL, '36.80932800', '10.08632700'),
(1070, 'Menzel Kamel', 74, NULL, '35.62327700', '10.66752700'),
(1071, 'Frejus', 10, NULL, '43.43315200', '6.73703400'),
(1072, 'Armenia', 75, NULL, '4.53500000', '-75.67568900'),
(1073, 'Cartagena', 75, NULL, '10.39104900', '-75.47942600'),
(1074, 'Guachene', 75, NULL, '3.13291600', '-76.39379400'),
(1075, 'Santo Tomas', 75, NULL, '10.76328600', '-74.75649900'),
(1076, 'El Cerrito', 75, NULL, '3.68408400', '-76.31299600'),
(1077, 'Agustin Codazzi', 75, NULL, '10.03471600', '-73.23710500'),
(1078, 'Tierralta', 75, NULL, '8.17157100', '-76.06231300'),
(1079, 'Pereira', 75, NULL, '4.80871700', '-75.69060100'),
(1080, 'Valledupar', 75, NULL, '10.47424500', '-73.24363300'),
(1081, 'Caloto', 75, NULL, '3.03354400', '-76.40808100'),
(1082, 'Uto', 28, NULL, '32.68799900', '130.65972100'),
(1083, 'Noheji', 28, NULL, '40.86446900', '141.12875700'),
(1084, 'Kumagaya', 28, NULL, '36.14731000', '139.38864500'),
(1085, 'Nagaokakyo', 28, NULL, '34.92677100', '135.69578500'),
(1086, 'Takatsuki', 28, NULL, '34.84615900', '135.61727200'),
(1087, 'Shizuoka', 28, NULL, '34.97712000', '138.38308500'),
(1088, 'Hiroshima', 28, NULL, '34.38520300', '132.45529300'),
(1089, 'Slupca', 41, NULL, '52.28726700', '17.87207500'),
(1090, 'Bydgoszcz', 41, NULL, '53.12348000', '18.00843800'),
(1091, 'Braniewo', 41, NULL, '54.37971300', '19.82005400'),
(1092, 'Zuromin', 41, NULL, '53.06607800', '19.90890500'),
(1093, 'Wieruszow', 41, NULL, '51.29486000', '18.15475000'),
(1094, 'Gorzow Wielkopolski', 41, NULL, '52.73252900', '15.23693000'),
(1095, 'Reims', 10, NULL, '49.25832900', '4.03169600'),
(1096, 'Rufisque', 36, NULL, '14.71554000', '-17.27092900'),
(1097, 'Saint-Die-des-Vosges', 10, NULL, '48.28746800', '6.94776700'),
(1098, 'Ndiass', 36, NULL, '14.63734200', '-17.08790300'),
(1099, 'Lormont', 10, NULL, '44.88016300', '-0.52310800'),
(1100, 'Mantes-la-Jolie', 10, NULL, '48.98932300', '1.71495800'),
(1101, 'Sedhiou', 36, NULL, '12.88368800', '-15.59433900'),
(1102, 'Le Chesnay', 10, NULL, '48.82541500', '2.13054400'),
(1103, 'M Bour', 36, NULL, '14.42284200', '-16.96537600'),
(1104, 'Guediawaye', 36, NULL, '14.77536600', '-17.39966700'),
(1105, 'Saint-Louis', 36, NULL, '16.03263100', '-16.48181700'),
(1106, 'Meulan-en-Yvelines', 10, NULL, '49.00810700', '1.91631900'),
(1107, 'Arbucies', 9, NULL, '41.81657700', '2.51112900'),
(1108, 'Bignona', 36, NULL, '12.80509100', '-16.23456300'),
(1109, 'Ziguinchor', 36, NULL, '12.56414800', '-16.26398200'),
(1110, 'Bicas', 18, NULL, '-21.71710000', '-43.06280000'),
(1111, 'Machacamarca', 83, NULL, '-18.16666940', '-67.03332690'),
(1112, 'Santa Cruz de la Sierra', 83, NULL, '-17.79999800', '-63.16666800'),
(1113, 'Potosi', 83, NULL, '-19.58360970', '-65.75305920'),
(1114, 'La Paz', 83, NULL, '-16.49999860', '-68.14999950'),
(1115, 'Salt Lake City, Utah', 13, NULL, '40.76077740', '-111.89104980'),
(1116, 'Santos', 18, NULL, '-23.96082600', '-46.33360700'),
(1117, 'Baerum', 21, NULL, '59.88996000', '10.52649000'),
(1118, 'Leon', 32, NULL, '21.11666770', '-101.66666930'),
(1119, 'Ibague', 75, NULL, '4.43888610', '-75.23221740'),
(1120, 'Al Khawr', 49, NULL, '25.68388830', '51.50582560'),
(1121, 'Quito', 84, NULL, '-0.22984570', '-78.52494810'),
(1122, 'Oita', 28, NULL, '33.23805970', '131.61249640'),
(1123, 'Juazeiro da Bahia', 18, NULL, '-9.39678910', '-40.23380990'),
(1124, 'San Cristobal', 85, NULL, '7.76693580', '-72.22499950'),
(1125, 'Caracas', 85, NULL, '10.48800630', '-66.87918590'),
(1126, 'Itaugua', 77, NULL, '-25.38332810', '-57.33332710'),
(1127, 'J. E. Estigarribia', 77, NULL, '-25.38332810', '-55.59999620'),
(1128, 'Guayaquil', 84, NULL, '-2.16666700', '-79.89999970'),
(1129, 'Ambuqui', 84, NULL, '0.43030000', '-78.00994000'),
(1130, 'Santo Domingo', 84, NULL, '-0.25305000', '-79.17536000'),
(1131, 'Lago Agrio', 84, NULL, '0.08471790', '-76.88277880'),
(1132, 'Machala', 84, NULL, '-3.26666780', '-79.96666890'),
(1133, 'Esmeraldas', 84, NULL, '0.96820000', '-79.65170000'),
(1134, 'Brum', 21, NULL, '59.88996000', '10.52649000'),
(1135, 'Ibagu', 75, NULL, '4.43888610', '-75.23221740'),
(1136, 'null', 77, NULL, '-25.30065760', '-57.63590770'),
(1137, 'Goiania', 18, NULL, '-16.68088200', '-49.25326910'),
(1138, 'Catanduva', 18, NULL, '-21.13310350', '-48.97128170'),
(1139, 'Sertaozinho', 18, NULL, '-21.13757820', '-47.99137410'),
(1140, 'Maracanau', 18, NULL, '-3.87794380', '-38.62476970'),
(1141, 'Nova Venecia', 18, NULL, '-18.70634560', '-40.39697860'),
(1142, 'Sucre', 83, NULL, '-19.04772510', '-65.25943060'),
(1143, 'Oruro', 83, NULL, '-17.96981920', '-67.11486350'),
(1144, 'Tarija', 83, NULL, '-21.53406950', '-64.73441810'),
(1145, 'Springfield', 13, 'Massachusetts', '42.10148310', '-72.58981100'),
(1146, 'Barinas', 85, NULL, '8.63751590', '-70.23049780'),
(1147, 'Ciudad Guayana', 85, NULL, '8.32237630', '-62.68966220'),
(1148, 'La Guaira', 85, NULL, '10.60003840', '-66.92964050'),
(1149, 'Tucupita', 85, NULL, '9.05806150', '-62.05006420'),
(1150, 'Maracaibo', 85, NULL, '10.64122120', '-71.60753830'),
(1151, 'Valencia', 85, NULL, '10.18280360', '-68.00355300'),
(1152, 'Cumana', 85, NULL, '10.44944660', '-64.16301540'),
(1153, 'El Nulu', 85, NULL, '7.27767010', '-71.91895290'),
(1154, 'Acarigua', 85, NULL, '9.55785280', '-69.20508460'),
(1155, 'Bulach', 30, NULL, '47.51723210', '8.54071180'),
(1156, 'Turen', 85, NULL, '9.33195670', '-69.11915670'),
(1157, 'Sechura', 69, NULL, '-5.55753530', '-80.82233270'),
(1158, 'Villa de Maria del Rio Seco', 25, NULL, '-29.90541290', '-63.72220360'),
(1159, 'San Justo', 25, NULL, '-34.67741860', '-58.56078370'),
(1160, 'Bahia Blanca', 25, NULL, '-38.73760940', '-62.22786288'),
(1161, 'San Cayetano', 25, NULL, '-31.43572840', '-64.14244290'),
(1162, 'Mendoza', 25, NULL, '-34.87007210', '-68.54799660'),
(1163, 'Maria Grande', 25, NULL, '-31.66477220', '-59.90217240'),
(1164, 'Sarandi', 25, NULL, '-33.04855230', '-58.60529900'),
(1165, 'Saenz Pena', 25, NULL, '-32.40571670', '-63.25874900'),
(1166, 'La Falda', 25, NULL, '-38.70773460', '-62.25084110'),
(1167, 'San Nicolas', 25, NULL, '-27.10954270', '-65.24475580'),
(1168, 'Envigado', 75, NULL, '6.17013450', '-75.58741320'),
(1169, 'Barrancas', 75, NULL, '10.97828430', '-72.69611762'),
(1170, 'El Molino', 75, NULL, '10.65230760', '-72.92155650'),
(1171, 'Luque', 77, NULL, '-25.26655540', '-57.49270800'),
(1172, 'Ciudad del Este', 77, NULL, '-25.51690150', '-54.61686450'),
(1173, 'Fernando de la Mora', 77, NULL, '-25.32676520', '-57.55147480'),
(1174, 'San Lorenzo', 77, NULL, '-25.34252240', '-57.50939700'),
(1175, 'Mariano Roque Alonso', 77, NULL, '-25.21086700', '-57.53203100'),
(1176, 'Nemby', 77, NULL, '-25.39245420', '-57.54711120'),
(1177, 'San Juan Bautista', 77, NULL, '-26.66905110', '-57.14579390'),
(1178, 'Wanda', 25, NULL, '-25.96930110', '-54.56969220'),
(1179, 'San Estanislao', 77, NULL, '-24.66574280', '-56.44167980'),
(1180, 'Algueirao Mem Martins', 7, NULL, '38.79990990', '-9.33978340'),
(1181, 'Rueil Malmaison', 10, NULL, '48.86938880', '2.18088370'),
(1182, 'Baghdad', 87, NULL, '33.30243090', '44.37879920'),
(1183, 'Bou Ismail', 88, NULL, '36.64290110', '2.69563570'),
(1184, 'Khartoum', 86, NULL, '15.59332500', '32.53565000'),
(1185, 'Florida', 66, NULL, '-33.83333300', '-55.91666700'),
(1186, 'Rioverde', 84, NULL, '1.08411950', '-79.42809634'),
(1187, 'Atuntaqui', 84, NULL, '0.33168020', '-78.21844490'),
(1188, 'Manta', 84, NULL, '-0.98699605', '-80.84265845'),
(1189, 'Junin', 84, NULL, '0.27636810', '-78.66508970'),
(1190, 'Nueva Loja', 84, NULL, '0.08495580', '-76.88350400'),
(1191, 'Quininde', 84, NULL, '0.36131260', '-79.50273842'),
(1192, 'San Lorenzo', 84, NULL, '0.98506345', '-78.68693329'),
(1193, 'Otavalo', 84, NULL, '0.22276365', '-78.24542744'),
(1194, 'Mira', 84, NULL, '0.54949160', '-78.04011460'),
(1195, 'Yono', 28, NULL, '35.88434290', '139.63900180'),
(1196, 'Ryugasaki', 28, NULL, '35.94028300', '140.21720250'),
(1197, 'Taito', 28, NULL, '35.71745000', '139.79085900'),
(1198, 'Hachioji', 28, NULL, '35.66017500', '139.28307100'),
(1199, 'Toyota', 28, NULL, '35.15195000', '137.30147800'),
(1200, 'Mito', 28, NULL, '36.36595840', '140.47120280'),
(1201, 'Otaru', 28, NULL, '43.18445000', '140.99429100'),
(1202, 'Fukuoka', 28, NULL, '33.58615400', '130.39446600'),
(1203, 'Higashimatsuyama', 28, NULL, '36.02627300', '139.38955000'),
(1204, 'Usa', 28, NULL, '33.53366840', '131.34208920'),
(1205, 'Shimizu-ku', 28, NULL, '35.09989200', '138.48550000'),
(1206, 'Izumi', 28, NULL, '34.43108000', '135.47478900'),
(1207, 'Neuquen', 25, NULL, '-26.39992260', '-54.62326390'),
(1208, 'Penaflor', 5, NULL, '-18.47157960', '-70.29268760'),
(1209, 'Concon', 5, NULL, '-33.04404060', '-71.59355200'),
(1210, 'Mulchen', 5, NULL, '-18.43484740', '-70.29159350'),
(1211, 'Shijiazhuang', 20, NULL, '38.03598080', '114.46277250'),
(1212, 'El Alto', 83, NULL, '-16.49555930', '-68.19349640'),
(1213, 'Cochabamba', 83, NULL, '-17.39358530', '-66.15695880'),
(1214, 'Tarragona', 9, NULL, '41.11723640', '1.25460570'),
(1215, 'Huesca', 9, NULL, '42.13825390', '-0.40809010'),
(1216, 'Cadiz', 9, NULL, '36.52982920', '-6.29256790'),
(1217, 'Tondela', 7, NULL, '40.51642000', '-8.08053000'),
(1218, 'Atlanta', 13, 'Georgia', '33.74909870', '-84.39018490'),
(1219, 'Nicosia', 89, NULL, '35.18028200', '33.37369587'),
(1220, 'Concepcion', 5, NULL, '-22.98636910', '-69.39038050'),
(1221, 'Shanghai', 20, NULL, '31.22534410', '121.48889220'),
(1222, 'Frisco', 13, 'Texas', '33.15067440', '-96.82361160'),
(1223, 'Strasbourg', 10, NULL, '48.58461400', '7.75071270'),
(1224, 'Hiratsuka', 28, NULL, '35.35767400', '139.31827800'),
(1225, 'Matsumoto', 28, NULL, '36.23820470', '137.96871410'),
(1226, 'Sapporo', 28, NULL, '43.04476800', '141.33721500'),
(1227, 'Zamora', 85, NULL, '10.46559500', '-66.90814720');

-- --------------------------------------------------------

--
-- Table structure for table `club`
--

CREATE TABLE `club` (
  `club_id` int(4) UNSIGNED NOT NULL,
  `club_name` varchar(80) NOT NULL,
  `city_id` int(5) DEFAULT NULL,
  `image_url` varchar(100) DEFAULT NULL
) ENGINE=MyISAM DEFAULT CHARSET=latin1;

--
-- Dumping data for table `club`
--

INSERT INTO `club` (`club_id`, `club_name`, `city_id`, `image_url`) VALUES
(1, 'Guadalajara', 1, '1.jpg'),
(2, 'Santos Laguna', 2, '2.jpg'),
(3, 'Fiorentina', 3, '3.jpg'),
(4, 'Atlas', 1, '4.jpg'),
(5, 'Espanyol', 4, '5.jpg'),
(6, 'Villarreal', 5, '6.jpg'),
(7, 'Porto', 6, '7.jpg'),
(8, 'Eintracht Frankfurt', 7, '8.jpg'),
(9, 'Benfica', 8, '9.jpg'),
(10, 'LA Galaxy', 9, '10.jpg'),
(11, 'Real Sociedad', 10, '11.jpg'),
(12, 'Toluca', 11, '12.jpg'),
(13, 'Granada', 12, '13.jpg'),
(14, 'Bayer Leverkusen', 13, '14.jpg'),
(15, 'PSV Eindhoven', 14, '15.jpg'),
(16, 'UANL', 15, '16.jpg'),
(17, 'America', 16, '17.jpg'),
(18, 'Pachuca', 17, '18.jpg'),
(19, 'SpVgg Unterhaching', 30, '19.jpg'),
(20, 'Sunderland', 31, '20.jpg'),
(21, 'Vancouver FC 2', 32, '21.jpg'),
(22, 'PAS Giannina', 33, '22.jpg'),
(23, 'SuperSport United', 34, '23.jpg'),
(24, 'Marseille', 35, '24.jpg'),
(25, 'Wellington Phoenix', 36, '25.jpg'),
(26, 'Leeds United', 37, '26.jpg'),
(27, 'Borneo', 38, '27.jpg'),
(28, 'Melbourne Victory', 39, '28.jpg'),
(29, 'Newcastle Jets', 40, '29.jpg'),
(30, 'Ipswich Town', 41, '30.jpg'),
(31, 'PEC Zwolle', 42, '31.jpg'),
(32, 'Auckland City', 43, '32.jpg'),
(33, 'Brisbane Roar', 44, '33.jpg'),
(34, 'Reno 1868', 45, '34.jpg'),
(35, 'Central Coast Mariners', 46, '35.jpg'),
(36, 'RKC Waalwijk', 47, '36.jpg'),
(37, 'Sporting CP', 8, '37.jpg'),
(38, 'Cagliari', 62, '38.jpg'),
(39, 'Real Madrid', 63, '39.jpg'),
(40, 'Zenit Saint Petersburg', 64, '40.jpg'),
(41, 'Borussia Dortmund', 65, '41.jpg'),
(42, 'West Ham United', 66, '42.jpg'),
(43, 'Monaco', 67, '43.jpg'),
(44, 'Barcelona', 4, '44.jpg'),
(45, 'Valencia', 68, '45.jpg'),
(46, 'Besiktas', 69, '46.jpg'),
(47, 'Southampton', 215, '47.jpg'),
(48, 'CSKA Moscow', 87, '48.jpg'),
(49, 'Kuban Krasnodar', 88, '49.jpg'),
(50, 'Spartak Moscow', 87, '50.jpg'),
(51, 'Rubin Kazan', 89, '51.jpg'),
(52, 'Rostov', 90, '52.jpg'),
(53, 'Arsenal Tula', 91, '53.jpg'),
(54, 'Lokomotiv Moscow', 87, '54.jpg'),
(55, 'Genk', 139, '55.jpg'),
(56, 'Yokohama F. Marinos', 140, '56.jpg'),
(57, 'Rosenborg', 141, '57.jpg'),
(58, 'Baniyas', 142, '58.jpg'),
(59, 'Adelaide United', 143, '59.jpg'),
(60, 'Ingolstadt', 144, '60.jpg'),
(61, 'Bristol City', 145, '61.jpg'),
(62, 'Luzern', 146, '62.jpg'),
(63, 'Liaoning Whowin', 147, '63.jpg'),
(64, 'VfB Stuttgart', 148, '64.jpg'),
(65, 'Huddersfield Town', 149, '65.jpg'),
(66, 'Melbourne City', 39, '66.jpg'),
(67, 'Sturm Graz', 150, '67.jpg'),
(68, 'Bursaspor', 151, '68.jpg'),
(69, 'Groningen', 152, '69.jpg'),
(70, 'Sydney FC', 60, '70.jpg'),
(71, 'Guizhou Hengfeng Zhicheng', 153, '71.jpg'),
(72, 'Inter Milan', 154, '72.jpg'),
(73, 'Queens Park Rangers', 66, '73.jpg'),
(74, 'Burton Albion', 155, '74.jpg'),
(75, 'Celtic', 156, '75.jpg'),
(76, 'Sevilla Atletico', 109, '76.jpg'),
(77, 'Zilina', 110, '77.jpg'),
(78, 'Sochaux', 111, '78.jpg'),
(79, 'Slavia Prague', 112, '79.jpg'),
(80, 'Montreal Impact', 113, '80.jpg'),
(81, 'Rheindorf Altach', 114, '81.jpg'),
(82, 'Lorient', 115, '82.jpg'),
(83, 'Kaiserslautern', 116, '83.jpg'),
(84, 'Panathinaikos', 117, '84.jpg'),
(85, 'Panionios', 118, '85.jpg'),
(86, 'Henan Jianye', 119, '86.jpg'),
(87, 'Metz', 120, '87.jpg'),
(88, 'Oostende', 121, '88.jpg'),
(89, 'Ajax', 122, '89.jpg'),
(90, 'Heart of Midlothian', 123, '90.jpg'),
(91, 'Spartak Trnava', 124, '91.jpg'),
(92, 'Standard Liege', 125, '92.jpg'),
(93, 'Angers', 126, '93.jpg'),
(94, 'Alcorcon', 63, '94.jpg'),
(95, 'Progresso', 80, '95.jpg'),
(96, 'Mjondalen', 127, '96.jpg'),
(97, 'Manchester City', 165, '97.jpg'),
(98, 'Sport Recife', 166, '98.jpg'),
(99, 'Cruz Azul', 16, '99.jpg'),
(100, 'Universidad Catolica', 167, '100.jpg'),
(101, 'Arsenal', 66, '101.jpg'),
(102, 'Bayern Munich', 168, '102.jpg'),
(103, 'Huachipato', 169, '103.jpg'),
(104, 'Celta Vigo', 170, '104.jpg'),
(105, 'San Lorenzo', 171, '105.jpg'),
(106, 'Internacional', 172, '106.jpg'),
(107, 'Universidad de Chile', 167, '107.jpg'),
(108, 'Palestino', 167, '108.jpg'),
(109, 'Necaxa', 173, '109.jpg'),
(110, 'Paris Saint-Germain', 138, '110.jpg'),
(111, 'Cologne', 189, '111.jpg'),
(112, 'Hertha Berlin', 190, '112.jpg'),
(113, 'Schalke', 191, '113.jpg'),
(114, '1899 Hoffenheim', 192, '114.jpg'),
(115, 'RB Leipzig', 193, '115.jpg'),
(116, 'Borussia Monchengladbach', 194, '116.jpg'),
(117, 'Liverpool', 195, '117.jpg'),
(118, 'Roma', 196, '118.jpg'),
(119, 'Tottenham', 66, '119.jpg'),
(120, 'Lyon', 216, '120.jpg'),
(121, 'Juventus', 217, '121.jpg'),
(122, 'Sevilla', 109, '122.jpg'),
(123, 'Leicester City', 218, '123.jpg'),
(124, 'Crystal Palace', 66, '124.jpg'),
(125, 'Atletico Madrid', 63, '125.jpg'),
(126, 'Manchester United', 165, '126.jpg'),
(127, 'Newcastle United', 219, '127.jpg'),
(128, 'Rennes', 220, '128.jpg'),
(129, 'Watford', 239, '129.jpg'),
(130, 'Dinamo Zagreb', 240, '130.jpg'),
(131, 'Rayo Vallecano', 63, '131.jpg'),
(132, 'Ludogorets Razgrad', 241, '132.jpg'),
(133, 'Hapoel Be er Sheva', 242, '133.jpg'),
(134, 'Napoli', 243, '134.jpg'),
(135, 'Steaua Bucuresti', 244, '135.jpg'),
(136, 'Astra Giurgiu', 245, '136.jpg'),
(137, 'Osmanlispor', 246, '137.jpg'),
(138, 'Cordoba', 670, '138.jpg'),
(139, 'Dinamo Bucuresti', 244, '139.jpg'),
(140, 'Al-Ittihad', 247, '140.jpg'),
(141, 'Genclerbirligi', 246, '141.jpg'),
(142, 'Al Sailiya', 248, '142.jpg'),
(143, 'Pandurii Targu Jiu', 249, '143.jpg'),
(144, 'Lazio', 196, '144.jpg'),
(145, 'Nantes', 269, '145.jpg'),
(146, 'Lugano', 270, '146.jpg'),
(147, 'Qarabag', 271, '147.jpg'),
(148, 'Como', 272, '148.jpg'),
(149, 'Pescara', 273, '149.jpg'),
(150, 'Vaduz', 274, '150.jpg'),
(151, 'Colorado Rapids', 275, '151.jpg'),
(152, 'Skenderbeu Korce', 276, '152.jpg'),
(153, 'Zurich', 277, '153.jpg'),
(154, 'Basel', 278, '154.jpg'),
(155, 'Istanbul Basaksehir', 69, '155.jpg'),
(156, 'Frosinone', 279, '156.jpg'),
(157, 'Rijeka', 280, '157.jpg'),
(158, 'PAOK', 281, '158.jpg'),
(159, 'Freiburg', 200, '159.jpg'),
(160, 'Partizani Tirana', 282, '160.jpg'),
(161, 'Toulouse', 233, '161.jpg'),
(162, 'Young Boys', 297, '162.jpg'),
(163, 'Mainz', 668, '163.jpg'),
(164, 'Augsburg', 298, '164.jpg'),
(165, 'Wolfsburg', 389, '165.jpg'),
(166, 'Genoa', 299, '166.jpg'),
(167, 'Grasshopper', 277, '167.jpg'),
(168, 'Kasimpasa', 69, '168.jpg'),
(169, 'Hamburg', 666, '169.jpg'),
(170, 'Stoke City', 300, '170.jpg'),
(171, 'Chelsea', 66, '171.jpg'),
(172, 'null3', NULL, '172.jpg'),
(173, 'Everton', 195, '173.jpg'),
(174, 'Burnley', 315, '174.jpg'),
(175, 'Terek Grozny', 334, '175.jpg'),
(176, 'Reading', 342, '176.jpg'),
(177, 'Swansea City', 343, '177.jpg'),
(178, 'West Bromwich Albion', 344, '178.jpg'),
(179, 'Inverness Caledonian Thistle', 345, '179.jpg'),
(180, 'Gillingham', 346, '180.jpg'),
(181, 'Wolverhampton', 347, '181.jpg'),
(182, 'Fulham', 66, '182.jpg'),
(183, 'Birmingham City', 326, '183.jpg'),
(184, 'Milton Keynes Dons', 330, '184.jpg'),
(185, 'Nottingham Forest', 449, '185.jpg'),
(186, 'Aberdeen', 349, '186.jpg'),
(187, 'Slovan Bratislava', 366, '187.jpg'),
(188, 'null1', NULL, '188.jpg'),
(189, 'Baumit Jablonec', 367, '189.jpg'),
(190, 'Al-Gharafa', 652, '190.jpg'),
(191, 'Legia Warsaw', 368, '191.jpg'),
(192, 'Ferencvaros', 369, '192.jpg'),
(193, 'null6', NULL, '193.jpg'),
(194, 'Willem II', 370, '194.jpg'),
(195, 'Rapid Vienna', 162, '195.jpg'),
(196, 'Viktoria Plzen', 371, '196.jpg'),
(197, 'Sampdoria', 299, '197.jpg'),
(198, 'Dynamo Moscow', 87, '198.jpg'),
(199, 'AC Milan', 154, '199.jpg'),
(200, 'Galatasaray', 69, '200.jpg'),
(201, 'Amkar Perm', 400, '201.jpg'),
(202, 'Dynamo Kiev', 402, '202.jpg'),
(203, 'Kairat Almaty', 401, '203.jpg'),
(204, 'Shakhtar Donetsk', 403, '204.jpg'),
(205, 'Dnipro Dnipropetrovsk', 335, '205.jpg'),
(206, 'null 7', NULL, '206.jpg'),
(207, 'Zorya Luhansk', 404, '207.jpg'),
(208, 'Ufa', 405, '208.jpg'),
(209, 'Palermo', 420, '209.jpg'),
(210, 'Wisla Krakow', 421, '210.jpg'),
(211, 'Lech Poznan', 422, '211.jpg'),
(212, 'AFC Bournemouth', 423, '212.jpg'),
(213, 'Ruch Chorzow', 424, '213.jpg'),
(214, 'Lechia Gdansk', 425, '214.jpg'),
(215, 'Torino', 217, '215.jpg'),
(216, 'Empoli', 426, '216.jpg'),
(217, 'Cracovia', 421, '217.jpg'),
(218, 'Zaglebie Lubin', 427, '218.jpg'),
(219, 'Hamilton Academical', 447, '219.jpg'),
(220, 'Fleetwood Town', 445, '220.jpg'),
(221, 'Millwall', 66, '221.jpg'),
(222, 'Wigan Athletic', 448, '222.jpg'),
(223, 'Notts County', 449, '223.jpg'),
(224, 'Blackburn Rovers', 450, '224.jpg'),
(225, 'Doncaster Rovers', 318, '225.jpg'),
(226, 'Kilmarnock', 451, '226.jpg'),
(227, 'St Johnstone', 452, '227.jpg'),
(228, 'Athletic Bilbao', 468, '228.jpg'),
(229, 'Fenerbahce', 69, '229.jpg'),
(230, 'Werder Bremen', 212, '230.jpg'),
(231, 'Sparta Prague', 112, '231.jpg'),
(232, 'Sheffield Wednesday', 317, '232.jpg'),
(233, 'Bordeaux', 485, '233.jpg'),
(234, 'Brighton & Hove Albion', 486, '234.jpg'),
(235, 'Slovan Liberec', 487, '235.jpg'),
(236, 'Trabzonspor', 499, '236.jpg'),
(237, 'Beijing Guoan', 500, '237.jpg'),
(238, 'Nordsjaelland', 501, '238.jpg'),
(239, 'Sassuolo', 519, '239.jpg'),
(240, 'Hajduk Split', 520, '240.jpg'),
(241, 'Malaga', 521, '241.jpg'),
(242, 'Mechelen', 537, '242.jpg'),
(243, 'Club Brugge', 538, '243.jpg'),
(244, 'Bologna', 555, '244.jpg'),
(245, 'Aston Villa', 326, '245.jpg'),
(246, 'Derby County', 574, '246.jpg'),
(247, 'Hull City', 575, '247.jpg'),
(248, 'Norwich City', 576, '248.jpg'),
(249, 'Copenhagen', 516, '249.jpg'),
(250, 'null4', NULL, '250.jpg'),
(251, 'Malmo', 590, '251.jpg'),
(252, 'Norrkoping', 591, '252.jpg'),
(253, 'Olympiacos', 592, '253.jpg'),
(254, 'AIK', 593, '254.jpg'),
(255, 'null2', NULL, '255.jpg'),
(256, 'Lille', 611, '256.jpg'),
(257, 'Braga', 78, '257.jpg'),
(258, 'Bodo-Glimt', 618, '258.jpg'),
(259, 'Hammarby', 593, '259.jpg'),
(260, 'Goteborg', 619, '260.jpg'),
(261, 'Lokeren', 620, '261.jpg'),
(262, 'Charlton Athletic', 66, '262.jpg'),
(263, 'Sandefjord', 621, '263.jpg'),
(264, 'Sundsvall', 599, '264.jpg'),
(265, 'Cardiff City', 359, '265.jpg'),
(266, 'AGF Aarhus', 622, '266.jpg'),
(267, 'Cesena', 623, '267.jpg'),
(268, 'Udinese', 624, '268.jpg'),
(269, 'Molde', 625, '269.jpg'),
(270, 'Odense BK', 626, '270.jpg'),
(271, 'Austria Vienna', 162, '271.jpg'),
(272, 'Darmstadt', 635, '272.jpg'),
(273, '1860 Munich', 168, '273.jpg'),
(274, 'Stuttgart', 148, '274.jpg'),
(275, 'Haladas', 641, '275.jpg'),
(276, 'Videoton', 649, '276.jpg'),
(277, 'Debrecen', 650, '277.jpg'),
(278, 'Puskas Akademia', 651, '278.jpg'),
(279, 'Diosgyori', 648, '279.jpg'),
(280, 'Hannover 96', 669, '280.jpg'),
(281, 'Nurnberg', 653, '281.jpg'),
(282, 'MTK Budapest', 369, '282.jpg'),
(283, 'Al-Taawoun', 844, '283.jpg'),
(460, 'San Jose', 1111, NULL),
(284, 'Los Angeles FC', 845, '284.jpg'),
(285, 'Al Ahly', 846, '285.jpg'),
(286, 'Zamalek', 724, '286.jpg'),
(287, 'Al-Fateh', 847, '287.jpg'),
(288, 'Al-Raed', 844, '288.jpg'),
(289, 'KuPS', 848, '289.jpg'),
(290, 'Atromitos', 117, '290.jpg'),
(291, 'Akhmat Grozny', 334, '291.jpg'),
(292, 'Krasnodar', 88, '292.jpg'),
(293, 'Al-Hilal', 247, '293.jpg'),
(294, 'Al-Ahli', 247, '294.jpg'),
(295, 'Al-Nassr', 725, '295.jpg'),
(296, 'Leganes', 849, '296.jpg'),
(297, 'Al-Shabab', 725, '297.jpg'),
(298, 'Levante', 68, '298.jpg'),
(299, 'Penarol', 726, '299.jpg'),
(300, 'Monterrey', 20, '300.jpg'),
(301, 'Boca Juniors', 171, '301.jpg'),
(302, 'Cruzeiro', 727, '302.jpg'),
(303, 'Girona', 850, '303.jpg'),
(304, 'Independiente', 851, '304.jpg'),
(305, 'Vasco da Gama', 728, '305.jpg'),
(306, 'Persepolis', 729, '306.jpg'),
(307, 'Saipa', 729, '307.jpg'),
(308, 'Esteghlal', 729, '308.jpg'),
(309, 'AEK Athens', 117, '309.jpg'),
(310, 'Al Sadd', 248, '310.jpg'),
(311, 'Zob Ahan', 852, '311.jpg'),
(312, 'Padideh', 788, '312.jpg'),
(313, 'Ostersund', 853, '313.jpg'),
(314, 'Heerenveen', 731, '314.jpg'),
(315, 'AZ Alkmaar', 732, '315.jpg'),
(316, 'Maritimo', 75, '316.jpg'),
(317, 'Feyenoord', 733, '317.jpg'),
(318, 'RS Berkane', 854, '318.jpg'),
(319, 'Getafe', 734, '319.jpg'),
(320, 'Numancia', 855, '320.jpg'),
(321, 'Yeni Malatyaspor', 512, '321.jpg'),
(322, 'Al-Jazira', 142, '322.jpg'),
(323, 'Caen', 238, '323.jpg'),
(324, 'St. Pauli', 666, '324.jpg'),
(325, 'IR Tanger', 856, '325.jpg'),
(326, 'Rangers', 156, '326.jpg'),
(327, 'Dalian Yifang', 857, '327.jpg'),
(329, 'Goztepe', 858, '329.jpg'),
(330, 'Suwon Samsung Bluewings', 735, '330.jpg'),
(331, 'Bochum', 204, '331.jpg'),
(332, 'Urawa Red Diamonds', 736, '332.jpg'),
(333, 'Hibernian', 123, '333.jpg'),
(334, 'Western Sydney Wanderers', 60, '334.jpg'),
(335, 'Grasshoppers', 277, '335.jpg'),
(336, 'Deportivo La Coruna', 737, '336.jpg'),
(337, 'null', 860, '337.jpg'),
(338, 'Brentford', 859, '338.jpg'),
(339, 'Atalanta', 738, '339.jpg'),
(340, 'Brondby', 739, '340.jpg'),
(341, 'Veracruz', 740, '341.jpg'),
(342, 'Atletico Junior', 861, '342.jpg'),
(343, 'Universitario', 742, '343.jpg'),
(344, 'Puebla', 741, '344.jpg'),
(345, 'Alianza Lima', 742, '345.jpg'),
(346, 'Flamengo', 728, '346.jpg'),
(347, 'Vitoria de Guimaraes', 613, '347.jpg'),
(348, 'Sao Paulo', 743, '348.jpg'),
(349, 'Morelia', 29, '349.jpg'),
(350, 'Deportivo Municipal', 742, '350.jpg'),
(351, 'Portland Timbers', 862, '351.jpg'),
(352, 'Lobos BUAP', 741, '352.jpg'),
(353, 'Orlando City', 863, '353.jpg'),
(354, 'AaB Aalborg', 864, '354.jpg'),
(355, 'UTC', 865, '355.jpg'),
(356, 'Melgar', 866, '356.jpg'),
(357, 'River Plate', 171, '357.jpg'),
(358, 'Hebei China Fortune', 867, '358.jpg'),
(359, 'Gent', 543, '359.jpg'),
(361, 'Red Bull Salzburg', 644, '361.jpg'),
(363, 'Randers', 745, '363.jpg'),
(364, 'Valur', 627, '364.jpg'),
(365, 'Valerenga', 746, '365.jpg'),
(366, 'Roskilde', 868, '366.jpg'),
(367, 'Levski Sofia', 869, '367.jpg'),
(368, 'Kardemir Karabukspor', 870, '368.jpg'),
(369, 'Sandhausen', 871, '369.jpg'),
(370, 'Enyimba', 872, '370.jpg'),
(371, 'Cercle Brugge', 538, '371.jpg'),
(372, 'Las Palmas', 747, '372.jpg'),
(373, 'Changchun Yatai', 873, '373.jpg'),
(374, 'Tianjin TEDA', 874, '374.jpg'),
(375, 'Crotone', 875, '375.jpg'),
(376, 'Chippa United', 876, '376.jpg'),
(377, 'ADO Den Haag', 877, '377.jpg'),
(378, 'Gremio', 172, '378.jpg'),
(379, 'Beijing Sinobo Guoan', 500, '379.jpg'),
(380, 'Corinthians', 743, '380.jpg'),
(381, 'Aguilas Doradas', 878, '381.jpg'),
(382, 'Saprissa', 748, '382.jpg'),
(383, 'Real Betis', 749, '383.jpg'),
(384, 'New York City FC', 841, '384.jpg'),
(385, 'Herediano', 750, '385.jpg'),
(386, 'Minnesota United', 879, '386.jpg'),
(387, 'Lausanne', 288, '387.jpg'),
(388, 'Alajuelense', 751, '388.jpg'),
(389, 'Vancouver Whitecaps', 32, '389.jpg'),
(390, 'Partizan', 752, '390.jpg'),
(391, 'Anderlecht', 753, '391.jpg'),
(392, 'Maccabi Tel Aviv', 754, '392.jpg'),
(393, 'Red Star Belgrade', 752, '393.jpg'),
(394, 'Eibar', 880, '394.jpg'),
(395, 'Antalyaspor', 502, '395.jpg'),
(397, 'UNAM', 16, '397.jpg'),
(398, 'Vissel Kobe', 755, '398.jpg'),
(399, 'Jeonbuk Hyundai Motors', 756, '399.jpg'),
(400, 'Sagan Tosu', 881, '400.jpg'),
(401, 'Jeju United', 757, '401.jpg'),
(402, 'Seongnam FC', 882, '402.jpg'),
(403, 'Ulsan Hyundai', 758, '403.jpg'),
(404, 'Asan Mugunghwa', 883, '404.jpg'),
(405, 'Hellas Verona', 759, '405.jpg'),
(406, 'Sangju Sangmu', 760, '406.jpg'),
(407, 'Incheon United', 884, '407.jpg'),
(408, 'Guangzhou Evergrande', 761, '408.jpg'),
(409, 'FC Tokyo', 762, '409.jpg'),
(410, 'Cerezo Osaka', 763, '410.jpg'),
(411, 'FC Seoul', 821, '411.jpg'),
(412, 'Daegu FC', 885, '412.jpg'),
(413, 'Al Ain', 886, '413.jpg'),
(414, 'Alaves', 887, '414.jpg'),
(415, 'Guingamp', 888, '415.jpg'),
(416, 'Seattle Sounders', 889, '416.jpg'),
(417, 'Waasland-Beveren', 764, '417.jpg'),
(418, 'Tianjin Quanjian', 874, '418.jpg'),
(419, 'New York Red Bulls', 890, '419.jpg'),
(420, 'San Jose Earthquakes', 891, '420.jpg'),
(421, 'Atletico Bucaramanga', 892, '421.jpg'),
(422, 'Municipal', 893, '422.jpg'),
(423, 'Tapachula', 894, '423.jpg'),
(424, 'Deportivo Fabril', 737, '336.jpg'),
(425, 'Chorrillo', 895, '425.jpg'),
(426, 'Houston Dynamo', 896, '426.jpg'),
(427, 'Plaza Amador', 895, '427.jpg'),
(428, 'Dunajska Streda', 374, '428.jpg'),
(429, 'CD Olimpia', 765, '429.jpg'),
(430, 'Sport Boys', 766, '430.jpg'),
(431, 'San Francisco', 897, '431.jpg'),
(432, 'CS Sfaxien', 898, '432.jpg'),
(433, 'Dijon', 899, '433.jpg'),
(434, 'Etoile du Sahel', 900, '434.jpg'),
(435, 'Troyes', 901, '435.jpg'),
(436, 'Al-Ettifaq', 902, '436.jpg'),
(437, 'Esperance', 767, '437.jpg'),
(438, 'Club Africain', 767, '438.jpg'),
(439, 'Al-Batin', 903, '439.jpg'),
(440, 'Montpellier', 768, '440.jpg'),
(441, 'Nice', 222, '441.jpg'),
(442, 'Chateauroux', 904, '442.jpg'),
(443, 'Deportivo Cali', 769, '443.jpg'),
(444, 'Olimpia', 770, '444.jpg'),
(445, 'Palmeiras', 743, '445.jpg'),
(446, 'Once Caldas', 771, '446.jpg'),
(447, 'Kashima Antlers', 772, '447.jpg'),
(448, 'Fortuna Dusseldorf', 209, '448.jpg'),
(449, 'Gamba Osaka', 763, '449.jpg'),
(450, 'Kawasaki Frontale', 774, '450.jpg'),
(451, 'Kashiwa Reysol', 775, '451.jpg'),
(452, 'SPAL', 905, '452.jpg'),
(453, 'Gornik Zabrze', 776, '453.jpg'),
(455, 'Amiens', 906, '455.jpg'),
(456, 'Horoya', 907, '456.jpg'),
(457, 'Alanyaspor', 908, '457.jpg'),
(458, 'Eupen', 909, '458.jpg'),
(462, 'Oriente Petrolero', 1112, '	462	.jpg'),
(461, 'Nacional Potosi', 1113, '461.jpg'),
(463, 'Bolivar', 1114, '463.jpg'),
(464, 'Shijiazhuang Ever Bright', 1211, '	464	.jpg'),
(465, 'Always Ready', 1212, '	465	.jpg'),
(466, 'Blooming', 1112, '	466	.jpg'),
(467, 'The Strongest', 1114, '	467	.jpg'),
(468, 'Jorge Wilstermann', 1213, '	468	.jpg'),
(469, 'Millonarios', 829, '	469	.jpg'),
(470, 'Gimnastic', 1214, '	470	.jpg'),
(471, 'DC United', 1057, '	471	.jpg'),
(472, 'Huesca', 1215, '	472	.jpg'),
(473, 'Cadiz', 1216, '	473	.jpg'),
(474, 'America de Cali', 769, '	474	.jpg'),
(475, 'Real Salt Lake', 1115, '	475	.jpg'),
(476, 'Zamora', 1227, '	476	.jpg'),
(477, 'Santa Fe', 829, '	477	.jpg'),
(478, 'Tondela', 1217, '	478	.jpg'),
(479, 'Atlanta United', 1218, '	479	.jpg'),
(480, 'Santos', 1116, '	480	.jpg'),
(481, 'Deportivo La Guaira', 1148, '	481	.jpg'),
(482, 'Stabaek', 1117, '	482	.jpg'),
(483, 'APOEL', 1219, '	483	.jpg'),
(484, 'Velez Sarsfield', 171, '	484	.jpg'),
(485, 'Talleres', 1002, '	485	.jpg'),
(486, 'Universidad de Concepcion', 1220, '	486	.jpg'),
(487, 'Sporting Cristal', 742, '	487	.jpg'),
(488, 'Racing', 851, '	488	.jpg'),
(489, 'Leon', 1118, '	489	.jpg'),
(490, 'Junior', 861, '	490	.jpg'),
(491, 'Deportes Tolima', 1119, '	491	.jpg'),
(492, 'Huracan', 171, '	492	.jpg'),
(493, 'Libertad', 770, '	493	.jpg'),
(494, 'Cerro Porteno', 770, '	494	.jpg'),
(495, 'Botafogo', 728, '	495	.jpg'),
(496, 'Defensa y Justicia', 171, '	496	.jpg'),
(497, 'Shanghai Shenhua', 1221, '	497	.jpg'),
(498, 'Al Duhail', 248, '	498	.jpg'),
(499, 'Qatar SC', 248, '	499	.jpg'),
(500, 'Al Arabi', 248, '	500	.jpg'),
(501, 'Al-Khor', 1120, '	501	.jpg'),
(502, 'FC Dallas', 1222, '	502	.jpg'),
(503, 'Delfin', 1128, '	503	.jpg'),
(504, 'LDU Quito', 1121, '	504	.jpg'),
(505, 'null', 171, '	505	.jpg'),
(506, 'Strasbourg', 1223, '	506	.jpg'),
(507, 'Shonan Bellmare', 1224, '	507	.jpg'),
(508, 'Tokyo Verdy', 762, '	508	.jpg'),
(509, 'Matsumoto Yamaga', 1225, '	509	.jpg'),
(510, 'Oita Trinita', 1122, '	510	.jpg'),
(511, 'Hosei University', 762, '	511	.jpg'),
(512, 'Hokkaido Consadole Sapporo', 1226, '	512	.jpg'),
(513, 'Sint-Truiden', 547, '	513	.jpg'),
(514, 'Sanfrecce Hiroshima', 1088, '	514	.jpg'),
(515, 'Shimizu S-Pulse', 1087, '	515	.jpg'),
(516, 'Colo-Colo', 167, '	516	.jpg'),
(517, 'Estudiantes La Plata', 801, '	517	.jpg'),
(518, 'Barcelona SC', 1128, '518.jpg'),
(519, 'San Jose', 1143, '519.jpg');

-- --------------------------------------------------------

--
-- Table structure for table `club_league`
--

CREATE TABLE `club_league` (
  `club_id` int(4) NOT NULL,
  `league_id` int(3) NOT NULL
) ENGINE=MyISAM DEFAULT CHARSET=latin1;

--
-- Dumping data for table `club_league`
--

INSERT INTO `club_league` (`club_id`, `league_id`) VALUES
(1, 1),
(2, 1),
(3, 2),
(4, 1),
(5, 3),
(6, 3),
(7, 4),
(8, 5),
(9, 4),
(10, 6),
(11, 3),
(12, 1),
(13, 3),
(14, 5),
(15, 7),
(16, 1),
(17, 1),
(18, 1),
(19, 8),
(20, 19),
(21, 9),
(22, 10),
(23, 11),
(24, 12),
(25, 13),
(26, 14),
(27, 15),
(28, 13),
(29, 13),
(30, 14),
(31, 7),
(32, 13),
(33, 13),
(34, 9),
(35, 13),
(36, 16),
(37, 4),
(38, 2),
(39, 3),
(40, 17),
(41, 5),
(42, 19),
(43, 12),
(44, 3),
(45, 3),
(46, 18),
(47, 19),
(48, 17),
(49, 17),
(50, 17),
(51, 17),
(52, 17),
(53, 17),
(54, 17),
(55, 20),
(56, 21),
(57, 22),
(58, 23),
(59, 13),
(60, 5),
(61, 14),
(62, 24),
(63, 25),
(64, 35),
(65, 14),
(66, 13),
(67, 26),
(68, 18),
(69, 7),
(70, 13),
(71, 25),
(72, 2),
(73, 19),
(74, 14),
(75, 27),
(76, 31),
(77, 32),
(78, 12),
(79, 34),
(80, 6),
(81, 26),
(82, 33),
(83, 35),
(84, 10),
(85, 10),
(86, 25),
(87, 12),
(88, 20),
(89, 7),
(90, 27),
(91, 32),
(92, 20),
(93, 12),
(94, 31),
(95, 36),
(96, 37),
(97, 19),
(98, 28),
(99, 1),
(100, 30),
(101, 19),
(102, 5),
(103, 30),
(104, 3),
(105, 29),
(106, 28),
(107, 30),
(108, 30),
(109, 1),
(110, 12),
(111, 5),
(112, 5),
(113, 5),
(114, 5),
(115, 5),
(116, 5),
(117, 19),
(118, 2);

-- --------------------------------------------------------

--
-- Table structure for table `country`
--

CREATE TABLE `country` (
  `country_id` int(3) UNSIGNED NOT NULL,
  `country_name` varchar(40) NOT NULL,
  `abreviation` varchar(3) NOT NULL,
  `image_url` varchar(60) DEFAULT NULL
) ENGINE=MyISAM DEFAULT CHARSET=latin1;

--
-- Dumping data for table `country`
--

INSERT INTO `country` (`country_id`, `country_name`, `abreviation`, `image_url`) VALUES
(1, 'Russia', 'RUS', '1.png'),
(2, 'New Zealand', 'NZD', '2.png'),
(3, 'Australia', 'AUS', '3.png'),
(4, 'Cameroon', 'CAM', '4.png'),
(5, 'Chile', 'CHI', '5.png'),
(6, 'Germany', 'GER', '6.png'),
(7, 'Portugal', 'POR', '7.png'),
(8, 'England', 'ENG', '8.png'),
(9, 'Spain', 'SPA', '9.png'),
(10, 'France', 'FRA', '10.png'),
(11, 'Netherlands', 'NET', '11.png'),
(12, 'Italy', 'ITA', '12.png'),
(13, 'United States', 'USA', '13.png'),
(14, 'Greece', 'GRC', '14.png'),
(15, 'Turkey', 'TUR', '15.png'),
(16, 'Austria', 'AST', '16.png'),
(17, 'Belgium', 'BEL', '17.png'),
(18, 'Brazil', 'BRZ', '18.png'),
(19, 'Canada', 'CAN', '19.png'),
(20, 'China', 'CHN', '20.png'),
(21, 'Norway', 'NOR', '21.png'),
(22, 'Scotland', 'SCO', '22.png'),
(23, 'Slovakia', 'SLO', '23.png'),
(24, 'Angola', 'ANG', '24.png'),
(25, 'Argentina', 'ARG', '25.png'),
(26, 'Czech Republic', 'CZR', '26.png'),
(27, 'Indonesia', 'INS', '27.png'),
(28, 'Japan', 'JPN', '28.png'),
(29, 'South Africa', 'SAF', '29.png'),
(30, 'Switzerland', 'SWZ', '30.png'),
(31, 'United Arab Emirates', 'UAE', '31.png'),
(32, 'Mexico', 'MEX', '32.png'),
(33, 'Guinea Bissau', 'GBS', '33.png'),
(34, 'Cape Verde', 'CPV', '34.png'),
(35, 'none', 'NO', NULL),
(36, 'Senegal', 'SNG', '36.png'),
(65, 'Egypt', 'EGT', '65.png'),
(37, 'Romania', 'RMA', '37.png'),
(38, 'Albania', 'ALB', '38.png'),
(39, 'Wales', 'WLS', '39.png'),
(40, 'Ukraine', 'UKR', '40.png'),
(41, 'Poland', 'POL', '41.png'),
(42, 'Northern Ireland', 'NIR', '42.png'),
(43, 'Croatia', 'CRO', '43.png'),
(44, 'Ireland', 'IRE', '44.png'),
(45, 'Iceland', 'ICE', '45.png'),
(46, 'Hungary', 'HUN', '46.png'),
(47, 'Bulgaria', 'BUL', '47.png'),
(48, 'Israel', 'ISR', '48.png'),
(49, 'Qatar', 'QTR', '49.png'),
(50, 'Azerbaijan', 'AZR', '50.png'),
(51, 'Liechtenstein', 'LCN', '51.png'),
(52, 'Kazakhstan', 'KZN', '52.png'),
(53, 'Denmark', 'DNK', '53.png'),
(54, 'DR Congo', 'DRC', '54.png'),
(55, 'Saudi Arabia', 'SAR', '55.png'),
(56, 'Kosovo', 'KOS', '56.png'),
(57, 'Macedonia', 'MAC', '57.png'),
(58, 'Ivory Coast', 'IVC', '58.png'),
(59, 'Jamaica', 'JAM', '59.png'),
(60, 'Bosnia and Herzegovina', 'BNH', '60.png'),
(61, 'Sweden', 'SWE', '61.png'),
(62, 'Montenegro', 'MON', '62.png'),
(63, 'Pakistan', 'PAK', '63.png'),
(64, 'Serbia', 'SER', '64.png'),
(66, 'Uruguay', 'URY', '66.png'),
(67, 'Iran', 'IRN', '67.png'),
(68, 'Morocco', 'MOR', '68.png'),
(69, 'Peru', 'PER', '69.png'),
(70, 'Nigeria', 'NIG', '70.png'),
(71, 'Costa Rica', 'CRC', '71.png'),
(72, 'South Korea', 'SKR', '72.png'),
(73, 'Panama', 'PAN', '73.png'),
(74, 'Tunisia', 'TUN', '74.png'),
(75, 'Colombia', 'COL', '75.png'),
(76, 'Honduras', 'HON', '76.jpg'),
(77, 'Paraguay', 'PAR', '77.jpg'),
(78, 'Finland', 'FIN', '78.png'),
(79, 'Guatemala', 'GUA', '79.png'),
(80, 'Guinea', 'GUI', '80.png'),
(81, 'Uganda', 'UGD', '81.png'),
(82, 'Nicaragua', 'NIC', '82.png'),
(83, 'Bolivia', 'BOL', '83.png'),
(84, 'Ecuador', 'ECU', '84.png'),
(85, 'Venezuela', 'VEN', '85.png'),
(86, 'Sudan', 'SUD', '86.png'),
(87, 'Iraq', 'IRQ', '87.png'),
(88, 'Algeria', 'ALG', '88.png'),
(89, 'Cyprus', 'CYP', '89.png');

-- --------------------------------------------------------

--
-- Table structure for table `league`
--

CREATE TABLE `league` (
  `league_id` int(3) UNSIGNED NOT NULL,
  `league_name` varchar(80) NOT NULL,
  `division` int(2) NOT NULL,
  `country_id` int(3) NOT NULL,
  `image_url` varchar(100) DEFAULT NULL
) ENGINE=MyISAM DEFAULT CHARSET=latin1;

--
-- Dumping data for table `league`
--

INSERT INTO `league` (`league_id`, `league_name`, `division`, `country_id`, `image_url`) VALUES
(1, 'Mexican Liga MX', 1, 32, '1.jpg'),
(2, 'Italian Serie A', 1, 12, '2.jpg'),
(3, 'Spanish La Liga', 1, 9, '3.jpg'),
(4, 'Portugeuse Primeira Liga', 1, 7, '4.jpg'),
(5, 'German Bundesliga', 1, 6, '5.jpg'),
(6, 'American Major League Soccer', 1, 13, '6.jpg'),
(7, 'Dutch Eredivisie', 1, 11, '7.jpg'),
(8, 'German Regionalliga', 4, 6, '8.jpg'),
(9, 'American USL', 2, 13, '9.jpg'),
(10, 'Greek Superleague', 1, 14, '10.jpg'),
(11, 'S African Premier Soccer League', 1, 29, '11.jpg'),
(12, 'French Ligue 1', 1, 10, '12.jpg'),
(13, 'Australian A-League', 1, 3, '13.jpg'),
(14, 'English Championship', 2, 8, '14.jpg'),
(15, 'Indonesian Liga 1', 1, 27, '15.jpg'),
(16, 'Dutch Eerste Divisie', 2, 11, '16.jpg'),
(17, 'Russian Premier League', 1, 1, '17.jpg'),
(18, 'Turkish Super Lig', 1, 15, '18.jpg'),
(19, 'English Premier League', 1, 8, '19.jpg'),
(20, 'Belgian Jupiler League', 1, 17, '20.jpg'),
(21, 'Japanese J-League', 1, 28, '21.jpg'),
(22, 'Norwegian Eliteserien', 1, 21, '22.jpg'),
(23, 'UAE Division One', 2, 31, '23.jpg'),
(24, 'Swiss Super League', 1, 30, '24.jpg'),
(25, 'Chinese Super League', 1, 20, '25.jpg'),
(26, 'Austrian Bundesliga', 1, 16, '26.jpg'),
(27, 'Scottish Premiership', 1, 22, '27.jpg'),
(28, 'Brazilian Campeonato Serie A', 1, 18, '28.jpg'),
(29, 'Argentinian Primera Division', 1, 25, '29.jpg'),
(30, 'Chilean Campeonato Nacional', 1, 5, '30.jpg'),
(31, 'Spanish Segunda Division', 2, 9, '31.jpg'),
(32, 'Slovakian Super Liga', 1, 23, '32.jpg'),
(33, 'French Ligue 2', 2, 10, '33.jpg'),
(34, 'Czech First League', 1, 26, '34.jpg'),
(35, 'German 2. Bundesliga', 2, 6, '35.jpg'),
(36, 'Angolan Cup', 1, 24, '36.jpg'),
(37, 'Norwegian OBOS-ligaen', 2, 21, '37.jpg'),
(38, 'Ukrainian Premier League', 1, 40, '38.jpg'),
(39, 'Polish Ekstraklasa', 1, 41, '39.jpg'),
(40, 'Hungarian OTP Bank Liga', 1, 46, '40.jpg'),
(41, 'Croatian First Football League', 1, 43, '41.jpg'),
(42, 'Swedish Allsvenskan', 1, 61, '42.jpg'),
(43, 'Romanian Liga I', 1, 37, '43.jpg'),
(44, 'Danish Superliga', 1, 53, '44.jpg'),
(45, 'Bulgarian First League', 1, 47, '45.jpg'),
(46, 'Azerbaijan Premier League', 1, 50, '46.jpg'),
(47, 'Albanian Superliga', 1, 38, '47.jpg'),
(48, 'Saudi Professional League', 1, 55, '48.jpg'),
(49, 'Israeli Premier League', 1, 48, '49.jpg'),
(50, 'Qatar Stars League', 1, 49, '50.jpg'),
(51, 'Kazakhstan Premier League', 1, 52, '51.jpg'),
(52, 'English League 1', 3, 8, '52.jpg'),
(53, 'English League 2', 4, 8, '53.jpg'),
(54, 'Italian Serie B', 2, 12, '54.jpg'),
(55, 'Egyptian Premier League', 1, 65, '55.jpg'),
(56, 'Finnish Veikkausliiga', 1, 78, '56.jpg'),
(57, 'Uruguayan Primera Division', 1, 66, '57.jpg'),
(58, 'Iranian Persian Gulf Pro League', 1, 67, '58.jpg'),
(59, 'Moroccan Botola', 1, 68, '59.jpg'),
(60, 'South Korean K League 1', 1, 72, '60.jpg'),
(61, 'Colombian Categoria Primera A', 1, 75, '61.jpg'),
(62, 'Peruvian Primera Division', 1, 69, '62.jpg'),
(63, 'Icelandic Urvalsdeild', 1, 45, '63.jpg'),
(64, 'Nigerian Professional Football League', 1, 70, '64.jpg'),
(65, 'Costa Rican Liga FPD', 1, 71, '65.jpg'),
(66, 'Serbian SuperLiga', 1, 64, '66.jpg'),
(67, 'Panamanian Liga de Futbol', 1, 73, '67.jpg'),
(68, 'Honduran Liga Nacional', 1, 76, '68.jpg'),
(69, 'Guatemalan Liga Nacional', 1, 79, '69.jpg'),
(70, 'Tunisian Ligue Professionnelle', 1, 74, '70.jpg'),
(71, 'Guinean Championnat National', 1, 80, '71.jpg'),
(72, 'Paraguayan Primera Division', 1, 77, '72.jpg'),
(73, 'Danish First Division', 2, 53, '73.jpg'),
(74, 'Belgian Proximus League', 2, 17, '74.jpg'),
(75, 'Mexican Ascenso MX', 2, 32, '75.jpg'),
(76, 'Spanish Segunda Division B', 3, 9, '76.jpg'),
(77, 'Bolivian Primera Division', 1, 83, '77.jpg'),
(78, 'Venezuelan Primera Division', 1, 85, '78.jpg'),
(79, 'Cypriot First Division', 1, 89, '79.jpg'),
(80, 'Ecuadorian Serie A', 1, 84, '80.jpg'),
(81, 'China League One', 2, 20, '81.jpg'),
(82, 'Japanese J2 League', 2, 28, '82.jpg'),
(83, 'JUFA Kanto League 1', 0, 28, '83.jpg');

-- --------------------------------------------------------

--
-- Table structure for table `player`
--

CREATE TABLE `player` (
  `player_id` int(6) UNSIGNED NOT NULL,
  `player_name` varchar(80) NOT NULL,
  `city_id` int(3) DEFAULT NULL,
  `country_id` int(3) DEFAULT NULL,
  `image_url` varchar(100) DEFAULT NULL
) ENGINE=MyISAM DEFAULT CHARSET=latin1;

--
-- Dumping data for table `player`
--

INSERT INTO `player` (`player_id`, `player_name`, `city_id`, `country_id`, `image_url`) VALUES
(1, 'Rodolfo Cota', 18, 32, '1.jpg'),
(2, 'Nestor Araujo', 1, 32, '2.jpg'),
(3, 'Carlos Salcedo', 1, 32, '3.jpg'),
(4, 'Rafael Marquez', 19, 32, '4.jpg'),
(5, 'Diego Reyes', 16, 32, '5.jpg'),
(6, 'Jonathan dos Santos', 20, 32, '6.jpg'),
(7, 'Miguel Layun', 21, 32, '7.jpg'),
(8, 'Marco Fabian', 1, 32, '8.jpg'),
(9, 'Raul Jimenez', 22, 32, '9.jpg'),
(10, 'Giovani dos Santos', 20, 32, '10.jpg'),
(11, 'Carlos Vela', 23, 32, '11.jpg'),
(12, 'Alfredo Talavera', 24, 32, '12.jpg'),
(13, 'Guillermo Ochoa', 1, 32, '13.jpg'),
(14, 'Javier Hernandez', 1, 32, '14.jpg'),
(15, 'Hector Moreno', 25, 32, '15.jpg'),
(16, 'Hector Herrera', 26, 32, '16.jpg'),
(17, 'Jurgen Damm', 27, 32, '17.jpg'),
(18, 'Andres Guardado', 1, 32, '18.jpg'),
(19, 'Oribe Peralta', 2, 32, '19.jpg'),
(20, 'Javier Aquino', 28, 32, '20.jpg'),
(21, 'Luis Reyes', 20, 32, '21.jpg'),
(22, 'Hirving Lozano', 20, 32, '22.jpg'),
(23, 'Oswaldo Alanis', 29, 32, '23.jpg'),
(24, 'Stefan Marinovic', 43, 2, '24.jpg'),
(25, 'Sam Brotherton', 43, 2, '25.jpg'),
(26, 'Deklan Wynne', 48, 2, '26.jpg'),
(27, 'Themistoklis Tzimopoulos', 49, 2, '27.jpg'),
(28, 'Michael Boxall', 43, 2, '28.jpg'),
(29, 'Bill Tuiloma', 50, 2, '29.jpg'),
(30, 'Kosta Barbarouses', 36, 2, '30.jpg'),
(31, 'Michael McGlinchey', 36, 2, '31.jpg'),
(32, 'Chris Wood', 43, 2, '32.jpg'),
(33, 'Shane Smeltz', 51, 2, '33.jpg'),
(34, 'Marco Rojas', 52, 2, '34.jpg'),
(35, 'Glen Moss', 53, 2, '35.jpg'),
(36, 'Monty Patterson', 43, 2, '36.jpg'),
(37, 'Ryan Thomas', 54, 2, '37.jpg'),
(38, 'Clayton Lewis', 36, 2, '38.jpg'),
(39, 'Dane Ingham', 55, 2, '39.jpg'),
(40, 'Tom Doyle', 43, 2, '40.jpg'),
(41, 'Kip Colvey', 56, 2, '41.jpg'),
(42, 'Alex Rufer', 57, 2, '42.jpg'),
(43, 'Tommy Smith', 58, 2, '43.jpg'),
(44, 'Storm Roux', 59, 2, '44.jpg'),
(45, 'Andrew Durante', 60, 2, '45.jpg'),
(46, 'Tamati Williams', 61, 2, '46.jpg'),
(47, 'Rui Patricio', 70, 7, '47.jpg'),
(48, 'Bruno Alves', 71, 7, '48.jpg'),
(49, 'Pepe', 72, 7, '49.jpg'),
(50, 'Luis Neto', 71, 7, '50.jpg'),
(51, 'Raphael Guerreiro', 73, 7, '51.jpg'),
(52, 'Jose Fonte', 74, 7, '52.jpg'),
(53, 'Cristiano Ronaldo', 75, 7, '53.jpg'),
(54, 'Joao Moutinho', 76, 7, '54.jpg'),
(55, 'Andre Silva', 77, 7, '55.jpg'),
(56, 'Bernardo Silva', 8, 7, '56.jpg'),
(57, 'Nelson Semedo', 8, 7, '57.jpg'),
(58, 'Jose Sa', 78, 7, '58.jpg'),
(59, 'Danilo Pereira', 79, 7, '59.jpg'),
(60, 'William Carvalho', 80, 7, '60.jpg'),
(61, 'Andre Gomes', 81, 7, '61.jpg'),
(62, 'Pizzi', 82, 7, '62.jpg'),
(63, 'Nani', 83, 7, '63.jpg'),
(64, 'Gelson Martins', 83, 7, '64.jpg'),
(65, 'Eliseu', 84, 7, '65.jpg'),
(66, 'Ricardo Quaresma', 8, 7, '66.jpg'),
(67, 'Cedric', 85, 7, '67.jpg'),
(68, 'Beto', 8, 7, '68.jpg'),
(69, 'Adrien Silva', 86, 7, '69.jpg'),
(70, 'Igor Akinfeev', 92, 1, '70.jpg'),
(71, 'Aleksandr Bukharov', 93, 1, '71.jpg'),
(72, 'Georgi Dzhikiya', 87, 1, '72.jpg'),
(73, 'Vladimir Gabulov', 101, 1, '73.jpg'),
(74, 'Yury Gazinsky', 95, 1, '74.jpg'),
(75, 'Denis Glushakov', 97, 1, '75.jpg'),
(76, 'Aleksandr Golovin', 105, 1, '76.jpg'),
(77, 'Guilherme', 104, 1, '77.jpg'),
(78, 'Ruslan Kambolov', 99, 1, '78.jpg'),
(79, 'Maksim Kanunnikov', 107, 1, '79.jpg'),
(80, 'Dmitri Kombarov', 87, 1, '80.jpg'),
(81, 'Fyodor Kudryashov', 102, 1, '81.jpg'),
(82, 'Ilya Kutepov', 96, 1, '82.jpg'),
(83, 'Aleksei Miranchuk', 103, 1, '83.jpg'),
(84, 'Dmitry Poloz', 96, 1, '84.jpg'),
(85, 'Aleksandr Samedov', 87, 1, '85.jpg'),
(86, 'Roman Shishkin', 94, 1, '86.jpg'),
(87, 'Igor Smolnikov', 93, 1, '87.jpg'),
(88, 'Fyodor Smolov', 98, 1, '88.jpg'),
(89, 'Dmitri Tarasov', 87, 1, '89.jpg'),
(90, 'Viktor Vasin', 64, 1, '90.jpg'),
(91, 'Aleksandr Yerokhin', 108, 1, '91.jpg'),
(92, 'Yuri Zhirkov', 106, 1, '92.jpg'),
(93, 'Mathew Ryan', 157, 3, '93.jpg'),
(94, 'Milos Degenek', 158, 3, '94.jpg'),
(95, 'Alex Gersbach', 159, 3, '95.jpg'),
(96, 'Tim Cahill', 60, 3, '96.jpg'),
(97, 'Mark Milligan', 60, 3, '97.jpg'),
(98, 'Dylan McGowan', 143, 3, '98.jpg'),
(99, 'Mathew Leckie', 39, 3, '99.jpg'),
(100, 'Bailey Wright', 39, 3, '100.jpg'),
(101, 'Tomi Juric', 60, 3, '101.jpg'),
(102, 'Robbie Kruse', 44, 3, '102.jpg'),
(103, 'Jamie Maclaren', 39, 3, '103.jpg'),
(104, 'Mitchell Langerak', 160, 3, '104.jpg'),
(105, 'Aaron Mooy', 60, 3, '105.jpg'),
(106, 'James Troisi', 161, 3, '106.jpg'),
(107, 'James Jeggo', 162, 3, '107.jpg'),
(108, 'Aziz Behich', 39, 3, '108.jpg'),
(109, 'Ajdin Hrustic', 39, 3, '109.jpg'),
(110, 'Danny Vukovic', 60, 3, '110.jpg'),
(111, 'Ryan McGowan', 143, 3, '111.jpg'),
(112, 'Trent Sainsbury', 163, 3, '112.jpg'),
(113, 'Massimo Luongo', 60, 3, '113.jpg'),
(114, 'Jackson Irvine', 39, 3, '114.jpg'),
(115, 'Tom Rogic', 164, 3, '115.jpg'),
(116, 'Fabrice Ondoa', 128, 4, '116.jpg'),
(117, 'Ernest Mabouka', 129, 4, '117.jpg'),
(118, 'Andre-Frank Zambo Anguissa', 128, 4, '118.jpg'),
(119, 'Adolphe Teikeu', 130, 4, '119.jpg'),
(120, 'Michael Ngadeu-Ngadjui', 131, 4, '120.jpg'),
(121, 'Ambroise Oyongo', 132, 4, '121.jpg'),
(122, 'Moumi Ngamaleu', 128, 4, '122.jpg'),
(123, 'Benjamin Moukandjo', 129, 4, '123.jpg'),
(124, 'Jacques Zoua', 133, 4, '124.jpg'),
(125, 'Vincent Aboubakar', 128, 4, '125.jpg'),
(126, 'Olivier Boumal', 129, 4, '126.jpg'),
(127, 'Jerome Guihoata', 128, 4, '127.jpg'),
(128, 'Christian Bassogog', 129, 4, '128.jpg'),
(129, 'Georges Mandjeck', 129, 4, '129.jpg'),
(130, 'Sebastien Siani', 134, 4, '130.jpg'),
(131, 'Andre Onana', 128, 4, '131.jpg'),
(132, 'Arnaud Djoum', 128, 4, '132.jpg'),
(133, 'Robert Ndip Tambe', 136, 4, '133.jpg'),
(134, 'Collins Fai', 137, 4, '134.jpg'),
(135, 'Karl Toko Ekambi', 138, 4, '135.jpg'),
(136, 'Lucien Owona', 129, 4, '136.jpg'),
(137, 'Jonathan Ngwem', 128, 4, '137.jpg'),
(138, 'Georges Bokwe', 129, 4, '138.jpg'),
(139, 'Claudio Bravo', 174, 5, '139.jpg'),
(140, 'Eugenio Mena', 175, 5, '140.jpg'),
(141, 'Enzo Roco', 176, 5, '141.jpg'),
(142, 'Mauricio Isla', 177, 5, '142.jpg'),
(143, 'Francisco Silva', 178, 5, '143.jpg'),
(144, 'Jose Pedro Fuenzalida', 167, 5, '144.jpg'),
(145, 'Alexis Sanchez', 179, 5, '145.jpg'),
(146, 'Arturo Vidal', 167, 5, '146.jpg'),
(147, 'Angelo Sagal', 180, 5, '147.jpg'),
(148, 'Pablo Hernandez', 181, 5, '148.jpg'),
(149, 'Eduardo Vargas', 167, 5, '149.jpg'),
(150, 'Cristopher Toselli', 182, 5, '150.jpg'),
(151, 'Paulo Diaz', 167, 5, '151.jpg'),
(152, 'Felipe Gutierrez', 183, 5, '152.jpg'),
(153, 'Jean Beausejour', 167, 5, '153.jpg'),
(154, 'Martin Rodriguez', 184, 5, '154.jpg'),
(155, 'Gary Medel', 167, 5, '155.jpg'),
(156, 'Gonzalo Jara', 185, 5, '156.jpg'),
(157, 'Leonardo Valencia', 167, 5, '157.jpg'),
(158, 'Charles Aranguiz', 186, 5, '158.jpg'),
(159, 'Marcelo Diaz', 167, 5, '159.jpg'),
(160, 'Edson Puch', 187, 5, '160.jpg'),
(161, 'Johnny Herrera', 188, 5, '161.jpg'),
(162, 'Kevin Trapp', 197, 6, '162.jpg'),
(163, 'Shkodran Mustafi', 198, 6, '163.jpg'),
(164, 'Jonas Hector', 199, 6, '164.jpg'),
(165, 'Matthias Ginter', 200, 6, '165.jpg'),
(166, 'Marvin Plattenhardt', 201, 6, '166.jpg'),
(167, 'Benjamin Henrichs', 202, 6, '167.jpg'),
(168, 'Julian Draxler', 203, 6, '168.jpg'),
(169, 'Leon Goretzka', 204, 6, '169.jpg'),
(170, 'Sandro Wagner', 168, 6, '170.jpg'),
(171, 'Kerem Demirbay', 205, 6, '171.jpg'),
(172, 'Timo Werner', 148, 6, '172.jpg'),
(173, 'Bernd Leno', 206, 6, '173.jpg'),
(174, 'Lars Stindl', 207, 6, '174.jpg'),
(175, 'Emre Can', 208, 6, '175.jpg'),
(176, 'Amin Younes', 209, 6, '176.jpg'),
(177, 'Antonio Rudiger', 190, 6, '177.jpg'),
(178, 'Niklas Sule', 208, 6, '178.jpg'),
(179, 'Joshua Kimmich', 210, 6, '179.jpg'),
(180, 'Leroy Sane', 211, 6, '180.jpg'),
(181, 'Julian Brandt', 212, 6, '181.jpg'),
(182, 'Sebastian Rudy', 213, 6, '182.jpg'),
(183, 'Marc-Andre ter Stegen', 194, 6, '183.jpg'),
(184, 'Diego Demme', 214, 6, '184.jpg'),
(185, 'Hugo Lloris', 222, 10, '185.jpg'),
(186, 'Christophe Jallet', 223, 10, '186.jpg'),
(187, 'Patrice Evra', 134, 10, '187.jpg'),
(188, 'Adil Rami', 224, 10, '188.jpg'),
(189, 'N Golo Kante', 138, 10, '189.jpg'),
(190, 'Yohan Cabaye', 225, 10, '190.jpg'),
(191, 'Antoine Griezmann', 226, 10, '191.jpg'),
(192, 'Dimitri Payet', 227, 10, '192.jpg'),
(193, 'Olivier Giroud', 228, 10, '193.jpg'),
(194, 'Andre-Pierre Gignac', 229, 10, '194.jpg'),
(195, 'Anthony Martial', 230, 10, '195.jpg'),
(196, 'Morgan Schneiderlin', 231, 10, '196.jpg'),
(197, 'Eliaquim Mangala', 232, 10, '197.jpg'),
(198, 'Blaise Matuidi', 233, 10, '198.jpg'),
(199, 'Paul Pogba', 234, 10, '199.jpg'),
(200, 'Steve Mandanda', 221, 10, '200.jpg'),
(201, 'Lucas Digne', 235, 10, '201.jpg'),
(202, 'Moussa Sissoko', 73, 10, '202.jpg'),
(203, 'Bacary Sagna', 236, 10, '203.jpg'),
(204, 'Kingsley Coman', 138, 10, '204.jpg'),
(205, 'Laurent Koscielny', 237, 10, '205.jpg'),
(206, 'Samuel Umtiti', 128, 10, '206.jpg'),
(207, 'Benoit Costil', 238, 10, '207.jpg'),
(208, 'Costel Pantilimon', 250, 37, '208.jpg'),
(209, 'Alexandru Matel', 251, 37, '209.jpg'),
(210, 'Razvan Rat', 252, 37, '210.jpg'),
(211, 'Cosmin Moti', 253, 37, '211.jpg'),
(212, 'Ovidiu Hoban', 254, 37, '212.jpg'),
(213, 'Vlad Chiriches', 250, 37, '213.jpg'),
(214, 'Alexandru Chipciu', 255, 37, '214.jpg'),
(215, 'Mihai Pintilii', 256, 37, '215.jpg'),
(216, 'Denis Alibec', 257, 37, '216.jpg'),
(217, 'Nicolae Stanciu', 258, 37, '217.jpg'),
(218, 'Gabriel Torje', 259, 37, '218.jpg'),
(219, 'Ciprian Tatarusanu', 244, 37, '219.jpg'),
(220, 'Claudiu Keseru', 260, 37, '220.jpg'),
(221, 'Florin Andone', 261, 37, '221.jpg'),
(222, 'Valerica Gaman', 262, 37, '222.jpg'),
(223, 'Steliano Filip', 263, 37, '223.jpg'),
(224, 'Lucian Sanmartean', 264, 37, '224.jpg'),
(225, 'Andrei Prepelita', 265, 37, '225.jpg'),
(226, 'Bogdan Stancu', 266, 37, '226.jpg'),
(227, 'Adrian Popa', 244, 37, '227.jpg'),
(228, 'Dragos Grigore', 267, 37, '228.jpg'),
(229, 'Cristian Sapunaru', 244, 37, '229.jpg'),
(230, 'Silviu Lung', 268, 37, '230.jpg'),
(231, 'Etrit Berisha', 283, 38, '231.jpg'),
(232, 'Andi Lila', 284, 38, '232.jpg'),
(233, 'Ermir Lenjani', 285, 38, '233.jpg'),
(234, 'Elseid Hysaj', 286, 38, '234.jpg'),
(235, 'Lorik Cana', 283, 38, '235.jpg'),
(236, 'Freddie Veseli', 287, 38, '236.jpg'),
(237, 'Ansi Agolli', 282, 38, '237.jpg'),
(238, 'Migjen Basha', 288, 38, '238.jpg'),
(239, 'Ledian Memushaj', 289, 38, '239.jpg'),
(240, 'Armando Sadiku', 290, 38, '240.jpg'),
(241, 'Shkelzen Gashi', 277, 38, '241.jpg'),
(242, 'Orges Shehi', 291, 38, '242.jpg'),
(243, 'Burim Kukeli', 292, 38, '243.jpg'),
(244, 'Taulant Xhaka', 278, 38, '244.jpg'),
(245, 'Mergim Mavraj', 293, 38, '245.jpg'),
(246, 'Sokol Cikalleshi', 284, 38, '246.jpg'),
(247, 'Naser Aliji', 294, 38, '247.jpg'),
(248, 'Arlind Ajeti', 278, 38, '248.jpg'),
(249, 'Bekim Balaj', 286, 38, '249.jpg'),
(250, 'Ergys Kace', 276, 38, '250.jpg'),
(251, 'Odise Roshi', 295, 38, '251.jpg'),
(252, 'Amir Abrashi', 296, 38, '252.jpg'),
(253, 'Alban Hoxha', 290, 38, '253.jpg'),
(254, 'Yann Sommer', 301, 30, '254.jpg'),
(255, 'Stephan Lichtsteiner', 302, 30, '255.jpg'),
(256, 'Francois Moubandje', 129, 30, '256.jpg'),
(257, 'Nico Elvedi', 277, 30, '257.jpg'),
(258, 'Steve von Bergen', 303, 30, '258.jpg'),
(259, 'Michael Lang', 304, 30, '259.jpg'),
(260, 'Breel Embolo', 128, 30, '260.jpg'),
(261, 'Fabian Frei', 305, 30, '261.jpg'),
(262, 'Haris Seferovic', 306, 30, '262.jpg'),
(263, 'Granit Xhaka', 278, 30, '263.jpg'),
(264, 'Valon Behrami', 307, 30, '264.jpg'),
(265, 'Marwin Hitz', 308, 30, '265.jpg'),
(266, 'Ricardo Rodriguez', 277, 30, '266.jpg'),
(267, 'Denis Zakaria', 57, 30, '267.jpg'),
(268, 'Blerim Dzemaili', 309, 30, '268.jpg'),
(269, 'Gelson Fernandes', 83, 30, '269.jpg'),
(270, 'Shani Tarashaj', 310, 30, '270.jpg'),
(271, 'Admir Mehmedi', 311, 30, '271.jpg'),
(272, 'Eren Derdiyok', 278, 30, '272.jpg'),
(273, 'Johan Djourou', 312, 30, '273.jpg'),
(274, 'Roman Burki', 313, 30, '274.jpg'),
(275, 'Fabian Schar', 314, 30, '275.jpg'),
(276, 'Xherdan Shaqiri', 285, 30, '276.jpg'),
(277, 'Joe Hart', 316, 8, '277.jpg'),
(278, 'Kyle Walker', 317, 8, '278.jpg'),
(279, 'Danny Rose', 318, 8, '279.jpg'),
(280, 'James Milner', 37, 8, '280.jpg'),
(281, 'Gary Cahill', 319, 8, '281.jpg'),
(282, 'Chris Smalling', 320, 8, '282.jpg'),
(283, 'Raheem Sterling', 321, 8, '283.jpg'),
(284, 'Adam Lallana', 322, 8, '284.jpg'),
(285, 'Harry Kane', 323, 8, '285.jpg'),
(286, 'Wayne Rooney', 195, 8, '286.jpg'),
(287, 'Jamie Vardy', 317, 8, '287.jpg'),
(288, 'Napaniel Clyne', 324, 8, '288.jpg'),
(289, 'Fraser Forster', 325, 8, '289.jpg'),
(290, 'Jordan Henderson', 31, 8, '290.jpg'),
(291, 'Daniel Sturridge', 326, 8, '291.jpg'),
(292, 'John Stones', 327, 8, '292.jpg'),
(293, 'Eric Dier', 328, 8, '293.jpg'),
(294, 'Jack Wilshere', 329, 8, '294.jpg'),
(295, 'Ross Barkley', 195, 8, '295.jpg'),
(296, 'Dele Alli', 330, 8, '296.jpg'),
(297, 'Ryan Bertrand', 331, 8, '297.jpg'),
(298, 'Marcus Rashford', 332, 8, '298.jpg'),
(299, 'Tom Heaton', 333, 8, '299.jpg'),
(300, 'Sergei Ignashevich', 87, 1, '300.jpg'),
(301, 'Roman Neustadter', 335, 1, '301.jpg'),
(302, 'Aleksei Berezutski', 87, 1, '302.jpg'),
(303, 'Artur Yusupov', 336, 1, '303.jpg'),
(304, 'Aleksandr Kokorin', 337, 1, '304.jpg'),
(305, 'Pavel Mamayev', 338, 1, '305.jpg'),
(306, 'Yuri Lodygin', 339, 1, '306.jpg'),
(307, 'Vasili Berezutski', 87, 1, '307.jpg'),
(308, 'Roman Shirokov', 340, 1, '308.jpg'),
(309, 'Oleg Shatov', 107, 1, '309.jpg'),
(310, 'Oleg Ivanov', 87, 1, '310.jpg'),
(311, 'Dmitri Torbinski', 341, 1, '311.jpg'),
(312, 'Georgi Shchennikov', 87, 1, '312.jpg'),
(313, 'Artem Dzyuba', 87, 1, '313.jpg'),
(314, 'Wayne Hennessey', 350, 39, '314.jpg'),
(315, 'Chris Gunter', 351, 39, '315.jpg'),
(316, 'Neil Taylor', 352, 39, '316.jpg'),
(317, 'Ben Davies', 353, 39, '317.jpg'),
(318, 'James Chester', 354, 39, '318.jpg'),
(319, 'Ashley Williams', 347, 39, '319.jpg'),
(320, 'Joe Allen', 355, 39, '320.jpg'),
(321, 'Andy King', 356, 39, '321.jpg'),
(322, 'Hal Robson-Kanu', 357, 39, '322.jpg'),
(323, 'Aaron Ramsey', 358, 39, '323.jpg'),
(324, 'Gareth Bale', 359, 39, '324.jpg'),
(325, 'Owain Fon Williams', 360, 39, '325.jpg'),
(326, 'George Williams', 330, 39, '326.jpg'),
(327, 'David Edwards', 361, 39, '327.jpg'),
(328, 'Jazz Richards', 343, 39, '328.jpg'),
(329, 'Joe Ledley', 359, 39, '329.jpg'),
(330, 'David Cotterill', 359, 39, '330.jpg'),
(331, 'Sam Vokes', 215, 39, '331.jpg'),
(332, 'James Collins', 351, 39, '332.jpg'),
(333, 'Jonny Williams', 362, 39, '333.jpg'),
(334, 'Danny Ward', 363, 39, '334.jpg'),
(335, 'David Vaughan', 364, 39, '335.jpg'),
(336, 'Simon Church', 365, 39, '336.jpg'),
(337, 'Jan Mucha', 372, 23, '337.jpg'),
(338, 'Peter Pekarik', 110, 23, '338.jpg'),
(339, 'Martin Skrtel', 373, 23, '339.jpg'),
(340, 'Jan Durica', 374, 23, '340.jpg'),
(341, 'Norbert Gyomber', 375, 23, '341.jpg'),
(342, 'Jan Gregus', 376, 23, '342.jpg'),
(343, 'Vladimir Weiss', 366, 23, '343.jpg'),
(344, 'Ondrej Duda', 377, 23, '344.jpg'),
(345, 'Stanislav Sestak', 378, 23, '345.jpg'),
(346, 'Miroslav Stoch', 376, 23, '346.jpg'),
(347, 'Adam Nemec', 379, 23, '347.jpg'),
(348, 'Jan Novota', 380, 23, '348.jpg'),
(349, 'Patrik Hrosovsky', 381, 23, '349.jpg'),
(350, 'Milan Skriniar', 382, 23, '350.jpg'),
(351, 'Tomas Hubocan', 110, 23, '351.jpg'),
(352, 'Kornel Salata', 383, 23, '352.jpg'),
(353, 'Marek Hamsik', 379, 23, '353.jpg'),
(354, 'Dusan Svento', 384, 23, '354.jpg'),
(355, 'Juraj Kucka', 385, 23, '355.jpg'),
(356, 'Robert Mak', 366, 23, '356.jpg'),
(357, 'Michal Duris', 386, 23, '357.jpg'),
(358, 'Viktor Pecovsky', 387, 23, '358.jpg'),
(359, 'Matus Kozacik', 388, 23, '359.jpg'),
(360, 'Manuel Neuer', 191, 6, '360.jpg'),
(361, 'Benedikt Howedes', 390, 6, '361.jpg'),
(362, 'Mats Hummels', 391, 6, '362.jpg'),
(363, 'Sami Khedira', 148, 6, '363.jpg'),
(364, 'Bastian Schweinsteiger', 392, 6, '364.jpg'),
(365, 'Mesut Ozil', 191, 6, '365.jpg'),
(366, 'Andre Schurrle', 393, 6, '366.jpg'),
(367, 'Lukas Podolski', 394, 6, '367.jpg'),
(368, 'Thomas Muller', 395, 6, '368.jpg'),
(369, 'Julian Weigl', 396, 6, '369.jpg'),
(370, 'Jonathan Tah', 666, 6, '370.jpg'),
(371, 'Jerome Boateng', 190, 6, '371.jpg'),
(372, 'Toni Kroos', 397, 6, '372.jpg'),
(373, 'Mario Gotze', 398, 6, '373.jpg'),
(374, 'Mario Gomez', 399, 6, '374.jpg'),
(375, 'Denys Boyko', 402, 40, '375.jpg'),
(376, 'Bohdan Butko', 403, 40, '376.jpg'),
(377, 'Yevhen Khacheridi', 406, 40, '377.jpg'),
(378, 'Anatoliy Tymoshchuk', 407, 40, '378.jpg'),
(379, 'Oleksandr Kucher', 402, 40, '379.jpg'),
(380, 'Taras Stepanenko', 408, 40, '380.jpg'),
(381, 'Andriy Yarmolenko', 64, 40, '381.jpg'),
(382, 'Roman Zozulya', 402, 40, '382.jpg'),
(383, 'Viktor Kovalenko', 409, 40, '383.jpg'),
(384, 'Yevhen Konoplyanka', 410, 40, '384.jpg'),
(385, 'Yevhen Seleznyov', 411, 40, '385.jpg'),
(386, 'Andriy Pyatov', 410, 40, '386.jpg'),
(387, 'Vyacheslav Shevchuk', 407, 40, '387.jpg'),
(388, 'Ruslan Rotan', 412, 40, '388.jpg'),
(389, 'Pylyp Budkivskyi', 402, 40, '389.jpg'),
(390, 'Serhiy Sydorchuk', 413, 40, '390.jpg'),
(391, 'Artem Fedetskyi', 414, 40, '391.jpg'),
(392, 'Serhiy Rybalka', 415, 40, '392.jpg'),
(393, 'Denys Garmash', 416, 40, '393.jpg'),
(394, 'Yaroslav Rakitskiy', 417, 40, '394.jpg'),
(395, 'Oleksandr Zinchenko', 418, 40, '395.jpg'),
(396, 'Oleksandr Karavayev', 409, 40, '396.jpg'),
(397, 'Mykyta Shevchenko', 419, 40, '397.jpg'),
(398, 'Wojciech Szczesny', 368, 41, '398.jpg'),
(399, 'Michal Pazdan', 421, 41, '399.jpg'),
(400, 'Artur Jedrzejczyk', 428, 41, '400.jpg'),
(401, 'Thiago Cionek', 429, 41, '401.jpg'),
(402, 'Krzysztof Maczynski', 421, 41, '402.jpg'),
(403, 'Tomasz Jodlowiec', 430, 41, '403.jpg'),
(404, 'Arkadiusz Milik', 431, 41, '404.jpg'),
(405, 'Karol Linetty', 432, 41, '405.jpg'),
(406, 'Robert Lewandowski', 368, 41, '406.jpg'),
(407, 'Grzegorz Krychowiak', 433, 41, '407.jpg'),
(408, 'Kamil Grosicki', 434, 41, '408.jpg'),
(409, 'Artur Boruc', 435, 41, '409.jpg'),
(410, 'Mariusz Stepinski', 436, 41, '410.jpg'),
(411, 'Jakub Wawrzyniak', 437, 41, '411.jpg'),
(412, 'Kamil Glik', 438, 41, '412.jpg'),
(413, 'Jakub Blaszczykowski', 439, 41, '413.jpg'),
(414, 'Slawomir Peszko', 440, 41, '414.jpg'),
(415, 'Bartosz Salamon', 422, 41, '415.jpg'),
(416, 'Piotr Zielinski', 441, 41, '416.jpg'),
(417, 'Lukasz Piszczek', 442, 41, '417.jpg'),
(418, 'Bartosz Kapustka', 443, 41, '418.jpg'),
(419, 'Lukasz Fabianski', 444, 41, '419.jpg'),
(420, 'Filip Starzynski', 434, 41, '420.jpg'),
(421, 'Michael McGovern', 453, 42, '421.jpg'),
(422, 'Conor McLaughlin', 454, 42, '422.jpg'),
(423, 'Shane Ferguson', 455, 42, '423.jpg'),
(424, 'Gareth McAuley', 456, 42, '424.jpg'),
(425, 'Jonny Evans', 454, 42, '425.jpg'),
(426, 'Chris Baird', 457, 42, '426.jpg'),
(427, 'Niall McGinn', 458, 42, '427.jpg'),
(428, 'Steven Davis', 459, 42, '428.jpg'),
(429, 'Will Grigg', 460, 42, '429.jpg'),
(430, 'Kyle Lafferty', 453, 42, '430.jpg'),
(431, 'Conor Washington', 461, 42, '431.jpg'),
(432, 'Roy Carroll', 453, 42, '432.jpg'),
(433, 'Corry Evans', 454, 42, '433.jpg'),
(434, 'Stuart Dallas', 462, 42, '434.jpg'),
(435, 'Luke McCullough', 463, 42, '435.jpg'),
(436, 'Oliver Norwood', 315, 42, '436.jpg'),
(437, 'Paddy McNair', 464, 42, '437.jpg'),
(438, 'Aaron Hughes', 462, 42, '438.jpg'),
(439, 'Jamie Ward', 326, 42, '439.jpg'),
(440, 'Craig Cathcart', 454, 42, '440.jpg'),
(441, 'Josh Magennis', 465, 42, '441.jpg'),
(442, 'Lee Hodson', 466, 42, '442.jpg'),
(443, 'Alan Mannus', 467, 42, '443.jpg'),
(444, 'Iker Casillas', 469, 9, '444.jpg'),
(445, 'Cesar Azpilicueta', 470, 9, '445.jpg'),
(446, 'Gerard Pique', 4, 9, '446.jpg'),
(447, 'Marc Bartra', 471, 9, '447.jpg'),
(448, 'Sergio Busquets', 472, 9, '448.jpg'),
(449, 'Andres Iniesta', 473, 9, '449.jpg'),
(450, 'Alvaro Morata', 63, 9, '450.jpg'),
(451, 'Koke', 63, 9, '451.jpg'),
(452, 'Lucas Vazquez', 474, 9, '452.jpg'),
(453, 'Cesc Fabregas', 475, 9, '453.jpg'),
(454, 'Pedro', 476, 9, '454.jpg'),
(455, 'Hector Bellerin', 4, 9, '455.jpg'),
(456, 'David de Gea', 63, 9, '456.jpg'),
(457, 'Thiago', 477, 9, '457.jpg'),
(458, 'Sergio Ramos', 478, 9, '458.jpg'),
(459, 'Juanfran', 479, 9, '459.jpg'),
(460, 'Mikel San Jose', 470, 9, '460.jpg'),
(461, 'Jordi Alba', 480, 9, '461.jpg'),
(462, 'Bruno Soriano', 481, 9, '462.jpg'),
(463, 'Aritz Aduriz', 10, 9, '463.jpg'),
(464, 'David Silva', 483, 9, '464.jpg'),
(465, 'Nolito', 484, 9, '465.jpg'),
(466, 'Sergio Rico', 109, 9, '466.jpg'),
(467, 'Petr Cech', 371, 26, '467.jpg'),
(468, 'Pavel Kaderabek', 112, 26, '468.jpg'),
(469, 'Michal Kadlec', 488, 26, '469.jpg'),
(470, 'Theodor Gebre Selassie', 489, 26, '470.jpg'),
(471, 'Roman Hubnik', 490, 26, '471.jpg'),
(472, 'Tomas Sivok', 491, 26, '472.jpg'),
(473, 'Tomas Necid', 112, 26, '473.jpg'),
(474, 'David Limbersky', 371, 26, '474.jpg'),
(475, 'Borek Dockal', 492, 26, '475.jpg'),
(476, 'Tomas Rosicky', 112, 26, '476.jpg'),
(477, 'Daniel Pudil', 112, 26, '477.jpg'),
(478, 'Milan Skoda', 112, 26, '478.jpg'),
(479, 'Jaroslav Plasil', 493, 26, '479.jpg'),
(480, 'Daniel Kolar', 112, 26, '480.jpg'),
(481, 'David Pavelka', 112, 26, '481.jpg'),
(482, 'Tomas Vaclik', 494, 26, '482.jpg'),
(483, 'Marek Suchy', 112, 26, '483.jpg'),
(484, 'Josef Sural', 495, 26, '484.jpg'),
(485, 'Ladislav Krejci', 112, 26, '485.jpg'),
(486, 'Jiri Skalak', 496, 26, '486.jpg'),
(487, 'David Lafata', 497, 26, '487.jpg'),
(488, 'Vladimir Darida', 371, 26, '488.jpg'),
(489, 'Tomas Koubek', 498, 26, '489.jpg'),
(490, 'Volkan Babacan', 502, 15, '490.jpg'),
(491, 'Semih Kaya', 503, 15, '491.jpg'),
(492, 'Hakan Balta', 190, 15, '492.jpg'),
(493, 'Ahmet Yilmaz Calik', 246, 15, '493.jpg'),
(494, 'Nuri Sahin', 504, 15, '494.jpg'),
(495, 'Hakan Calhanoglu', 505, 15, '495.jpg'),
(496, 'Gokhan Gonul', 506, 15, '496.jpg'),
(497, 'Selcuk Inan', 507, 15, '497.jpg'),
(498, 'Cenk Tosun', 508, 15, '498.jpg'),
(499, 'Arda Turan', 509, 15, '499.jpg'),
(500, 'Olcay Sahan', 209, 15, '500.jpg'),
(501, 'Onur Kivrak', 510, 15, '501.jpg'),
(502, 'Ismail Koybasi', 507, 15, '502.jpg'),
(503, 'Oguzhan Ozyakup', 511, 15, '503.jpg'),
(504, 'Mehmet Topal', 512, 15, '504.jpg'),
(505, 'Ozan Tufan', 513, 15, '505.jpg'),
(506, 'Burak Yilmaz', 502, 15, '506.jpg'),
(507, 'Caner Erkin', 514, 15, '507.jpg'),
(508, 'Yunus Malli', 515, 15, '508.jpg'),
(509, 'Volkan Sen', 151, 15, '509.jpg'),
(510, 'Emre Mor', 516, 15, '510.jpg'),
(511, 'Sener Ozbayrakli', 517, 15, '511.jpg'),
(512, 'Harun Tekin', 518, 15, '512.jpg'),
(513, 'Ivan Vargic', 522, 43, '513.jpg'),
(514, 'Sime Vrsaljko', 280, 43, '514.jpg'),
(515, 'Ivan Strinic', 520, 43, '515.jpg'),
(516, 'Ivan Perisic', 520, 43, '516.jpg'),
(517, 'Vedran Corluka', 523, 43, '517.jpg'),
(518, 'Tin Jedvaj', 240, 43, '518.jpg'),
(519, 'Ivan Rakitic', 524, 43, '519.jpg'),
(520, 'Mateo Kovacic', 528, 43, '520.jpg'),
(521, 'Andrej Kramaric', 240, 43, '521.jpg'),
(522, 'Luka Modric', 529, 43, '522.jpg'),
(523, 'Darijo Srna', 530, 43, '523.jpg'),
(524, 'Lovre Kalinic', 520, 43, '524.jpg'),
(525, 'Gordon Schildenfeld', 531, 43, '525.jpg'),
(526, 'Marcelo Brozovic', 240, 43, '526.jpg'),
(527, 'Marko Rog', 532, 43, '527.jpg'),
(528, 'Nikola Kalinic', 533, 43, '528.jpg'),
(529, 'Mario Mandzukic', 534, 43, '529.jpg'),
(530, 'Ante Coric', 240, 43, '530.jpg'),
(531, 'Milan Badelj', 240, 43, '531.jpg'),
(532, 'Marko Pjaca', 240, 43, '532.jpg'),
(533, 'Domagoj Vida', 535, 43, '533.jpg'),
(534, 'Duje Cop', 536, 43, '534.jpg'),
(535, 'Danijel Subasic', 529, 43, '535.jpg'),
(536, 'Thibaut Courtois', 539, 17, '536.jpg'),
(537, 'Toby Alderweireld', 540, 17, '537.jpg'),
(538, 'Thomas Vermaelen', 541, 17, '538.jpg'),
(539, 'Radja Nainggolan', 540, 17, '539.jpg'),
(540, 'Jan Vertonghen', 542, 17, '540.jpg'),
(541, 'Axel Witsel', 125, 17, '541.jpg'),
(542, 'Kevin De Bruyne', 543, 17, '542.jpg'),
(543, 'Marouane Fellaini', 544, 17, '543.jpg'),
(544, 'Romelu Lukaku', 540, 17, '544.jpg'),
(545, 'Eden Hazard', 545, 17, '545.jpg'),
(546, 'Yannick Ferreira Carrasco', 546, 17, '546.jpg'),
(547, 'Simon Mignolet', 547, 17, '547.jpg'),
(548, 'Jean-Francois Gillet', 125, 17, '548.jpg'),
(549, 'Dries Mertens', 548, 17, '549.jpg'),
(550, 'Jason Denayer', 549, 17, '550.jpg'),
(551, 'Thomas Meunier', 550, 17, '551.jpg'),
(552, 'Divock Origi', 121, 17, '552.jpg'),
(553, 'Christian Kabasele', 551, 17, '553.jpg'),
(554, 'Mousa Dembele', 552, 17, '554.jpg'),
(555, 'Christian Benteke', 221, 17, '555.jpg'),
(556, 'Jordan Lukaku', 540, 17, '556.jpg'),
(557, 'Michy Batshuayi', 553, 17, '557.jpg'),
(558, 'Laurent Ciman', 554, 17, '558.jpg'),
(559, 'Gianluigi Buffon', 556, 12, '559.jpg'),
(560, 'Mattia De Sciglio', 154, 12, '560.jpg'),
(561, 'Giorgio Chiellini', 557, 12, '561.jpg'),
(562, 'Matteo Darmian', 558, 12, '562.jpg'),
(563, 'Angelo Ogbonna', 559, 12, '563.jpg'),
(564, 'Antonio Candreva', 196, 12, '564.jpg'),
(565, 'Simone Zaza', 560, 12, '565.jpg'),
(566, 'Alessandro Florenzi', 196, 12, '566.jpg'),
(567, 'Graziano Pelle', 561, 12, '567.jpg'),
(568, 'Thiago Motta', 562, 12, '568.jpg'),
(569, 'Ciro Immobile', 563, 12, '569.jpg'),
(570, 'Salvatore Sirigu', 564, 12, '570.jpg'),
(571, 'Federico Marchetti', 565, 12, '571.jpg'),
(572, 'Stefano Sturaro', 566, 12, '572.jpg'),
(573, 'Andrea Barzagli', 567, 12, '573.jpg'),
(574, 'Daniele De Rossi', 196, 12, '574.jpg'),
(575, 'Eder', 568, 12, '575.jpg'),
(576, 'Marco Parolo', 569, 12, '576.jpg'),
(577, 'Leonardo Bonucci', 570, 12, '577.jpg'),
(578, 'Lorenzo Insigne', 571, 12, '578.jpg'),
(579, 'Federico Bernardeschi', 556, 12, '579.jpg'),
(580, 'Stephan El Shaarawy', 572, 12, '580.jpg'),
(581, 'Emanuele Giaccherini', 573, 12, '581.jpg'),
(582, 'Keiren Westwood', 165, 44, '582.jpg'),
(583, 'Seamus Coleman', 577, 44, '583.jpg'),
(584, 'Ciaran Clark', 578, 44, '584.jpg'),
(585, 'John O Shea', 579, 44, '585.jpg'),
(586, 'Richard Keogh', 580, 44, '586.jpg'),
(587, 'Glenn Whelan', 581, 44, '587.jpg'),
(588, 'Aiden McGeady', 582, 44, '588.jpg'),
(589, 'James McCarthy', 156, 44, '589.jpg'),
(590, 'Shane Long', 583, 44, '590.jpg'),
(591, 'Robbie Keane', 584, 44, '591.jpg'),
(592, 'James McClean', 455, 44, '592.jpg'),
(593, 'Shane Duffy', 455, 44, '593.jpg'),
(594, 'Jeff Hendrick', 584, 44, '594.jpg'),
(595, 'Jonathan Walters', 585, 44, '595.jpg'),
(596, 'Cyrus Christie', 586, 44, '596.jpg'),
(597, 'Shay Given', 587, 44, '597.jpg'),
(598, 'Stephen Ward', 584, 44, '598.jpg'),
(599, 'David Meyler', 588, 44, '599.jpg'),
(600, 'Robbie Brady', 584, 44, '600.jpg'),
(601, 'Wes Hoolahan', 584, 44, '601.jpg'),
(602, 'Daryl Murphy', 579, 44, '602.jpg'),
(603, 'Stephen Quinn', 584, 44, '603.jpg'),
(604, 'Darren Randolph', 589, 44, '604.jpg'),
(605, 'Andreas Isaksson', 594, 61, '605.jpg'),
(606, 'Mikael Lustig', 595, 61, '606.jpg'),
(607, 'Erik Johansson', 596, 61, '607.jpg'),
(608, 'Andreas Granqvist', 597, 61, '608.jpg'),
(609, 'Martin Olsson', 598, 61, '609.jpg'),
(610, 'Emil Forsberg', 599, 61, '610.jpg'),
(611, 'Sebastian Larsson', 600, 61, '611.jpg'),
(612, 'Albin Ekdal', 593, 61, '612.jpg'),
(613, 'Kim Kallstrom', 601, 61, '613.jpg'),
(614, 'Zlatan Ibrahimovic', 590, 61, '614.jpg'),
(615, 'Marcus Berg', 602, 61, '615.jpg'),
(616, 'Robin Olsen', 590, 61, '616.jpg'),
(617, 'Pontus Jansson', 603, 61, '617.jpg'),
(618, 'Victor Lindelof', 604, 61, '618.jpg'),
(619, 'Oscar Hiljemark', 605, 61, '619.jpg'),
(620, 'Pontus Wernbloom', 606, 61, '620.jpg'),
(621, 'Ludwig Augustinsson', 593, 61, '621.jpg'),
(622, 'Oscar Lewicki', 590, 61, '622.jpg'),
(623, 'Emir Kujovic', 607, 61, '623.jpg'),
(624, 'John Guidetti', 593, 61, '624.jpg'),
(625, 'Jimmy Durmaz', 608, 61, '625.jpg'),
(626, 'Erkan Zengin', 609, 61, '626.jpg'),
(627, 'Patrik Carlgren', 610, 61, '627.jpg'),
(628, 'Ricardo Carvalho', 612, 7, '628.jpg'),
(629, 'Eder Macedo', 79, 7, '629.jpg'),
(630, 'Joao Mario', 6, 7, '630.jpg'),
(631, 'Vieirinha', 613, 7, '631.jpg'),
(632, 'Anthony Lopes', 614, 7, '632.jpg'),
(633, 'Danilo', 1110, 18, '633.jpg'),
(634, 'Renato Sanches', 615, 7, '634.jpg'),
(635, 'Rafa Silva', 616, 7, '635.jpg'),
(636, 'Eduardo', 617, 7, '636.jpg'),
(637, 'Hannes Por Halldorsson', 627, 45, '637.jpg'),
(638, 'Birkir Mar Saevarsson', 627, 45, '638.jpg'),
(639, 'Haukur Heidar Hauksson', 628, 45, '639.jpg'),
(640, 'Hjortur Hermannsson', 627, 45, '640.jpg'),
(641, 'Sverrir Ingi Ingason', 629, 45, '641.jpg'),
(642, 'Ragnar Sigurdsson', 627, 45, '642.jpg'),
(643, 'Johann Berg Gudmundsson', 627, 45, '643.jpg'),
(644, 'Birkir Bjarnason', 628, 45, '644.jpg'),
(645, 'Kolbeinn Sigthorsson', 627, 45, '645.jpg'),
(646, 'Gylfi Sigurdsson', 627, 45, '646.jpg'),
(647, 'Alfred Finnbogason', 630, 45, '647.jpg'),
(648, 'Ogmundur Kristinsson', 627, 45, '648.jpg'),
(649, 'Ingvar Jonsson', 631, 45, '649.jpg'),
(650, 'Kari Arnason', 619, 45, '650.jpg'),
(651, 'Jon Dadi Bodvarsson', 632, 45, '651.jpg'),
(652, 'Runar Mar Sigurjonsson', 633, 45, '652.jpg'),
(653, 'Aron Gunnarsson', 628, 45, '653.jpg'),
(654, 'Theodor Elmar Bjarnason', 627, 45, '654.jpg'),
(655, 'Hordur Bjorgvin Magnusson', 627, 45, '655.jpg'),
(656, 'Emil Hallfredsson', 634, 45, '656.jpg'),
(657, 'Arnor Ingvi Traustason', 631, 45, '657.jpg'),
(658, 'Eidur Gudjohnsen', 627, 45, '658.jpg'),
(659, 'Ari Freyr Skulason', 627, 45, '659.jpg'),
(660, 'Robert Almer', 636, 16, '660.jpg'),
(661, 'Gyorgy Garics', 641, 16, '661.jpg'),
(662, 'Aleksandar Dragovic', 162, 16, '662.jpg'),
(663, 'Martin Hinteregger', 640, 16, '663.jpg'),
(664, 'Christian Fuchs', 637, 16, '664.jpg'),
(665, 'Stefan Ilsanker', 667, 16, '665.jpg'),
(666, 'Marko Arnautovic', 162, 16, '666.jpg'),
(667, 'David Alaba', 162, 16, '667.jpg'),
(668, 'Rubin Okotie', 639, 16, '668.jpg'),
(669, 'Zlatko Junuzovic', 642, 16, '669.jpg'),
(670, 'Martin Harnik', 666, 16, '670.jpg'),
(671, 'Heinz Lindner', 528, 16, '671.jpg'),
(672, 'Markus Suttner', 643, 16, '672.jpg'),
(673, 'Julian Baumgartlinger', 644, 16, '673.jpg'),
(674, 'Sebastian Prodl', 150, 16, '674.jpg'),
(675, 'Kevin Wimmer', 638, 16, '675.jpg'),
(676, 'Florian Klein', 528, 16, '676.jpg'),
(677, 'Alessandro Schopf', 645, 16, '677.jpg'),
(678, 'Lukas Hinterseer', 646, 16, '678.jpg'),
(679, 'Marcel Sabitzer', 150, 16, '679.jpg'),
(680, 'Marc Janko', 162, 16, '680.jpg'),
(681, 'Jakob Jantscher', 150, 16, '681.jpg'),
(682, 'Ramazan Ozcan', 647, 16, '682.jpg'),
(683, 'Gabor Kiraly', 641, 46, '683.jpg'),
(684, 'Adam Lang', 654, 46, '684.jpg'),
(685, 'Mihaly Korhut', 650, 46, '685.jpg'),
(686, 'Tamas Kadar', 654, 46, '686.jpg'),
(687, 'Attila Fiola', 655, 46, '687.jpg'),
(688, 'Akos Elek', 656, 46, '688.jpg'),
(689, 'Balazs Dzsudzsak', 650, 46, '689.jpg'),
(690, 'Adam Nagy', 369, 46, '690.jpg'),
(691, 'Adam Szalai', 369, 46, '691.jpg'),
(692, 'Zoltan Gera', 657, 46, '692.jpg'),
(693, 'Krisztian Nemeth', 658, 46, '693.jpg'),
(694, 'Denes Dibusz', 657, 46, '694.jpg'),
(695, 'Daniel Bode', 655, 46, '695.jpg'),
(696, 'Gergo Lovrencsics', 659, 46, '696.jpg'),
(697, 'Laszlo Kleinheisler', 660, 46, '697.jpg'),
(698, 'Adam Pinter', 661, 46, '698.jpg'),
(699, 'Nemanja Nikolic', 662, 46, '699.jpg'),
(700, 'Zoltan Stieber', 663, 46, '700.jpg'),
(701, 'Tamas Priskin', 664, 46, '701.jpg'),
(702, 'Richard Guzmics', 641, 46, '702.jpg'),
(703, 'Barnabas Bese', 369, 46, '703.jpg'),
(704, 'Peter Gulacsi', 369, 46, '704.jpg'),
(705, 'Roland Juhasz', 665, 46, '705.jpg'),
(706, 'Essam El-Hadary', 777, 65, '706.jpg'),
(707, 'Ali Gabr', 910, 65, '707.jpg'),
(708, 'Ahmed Elmohamady', 911, 65, '708.jpg'),
(709, 'Omar Gaber', 846, 65, '709.jpg'),
(710, 'Sam Morsy', 347, 65, '710.jpg'),
(711, 'Ahmed Hegazi', 910, 65, '711.jpg'),
(712, 'Ahmed Fathi', 778, 65, '712.jpg'),
(713, 'Tarek Hamed', 846, 65, '713.jpg'),
(714, 'Marwan Mohsen', 846, 65, '714.jpg'),
(715, 'Mohamed Salah', 912, 65, '715.jpg'),
(716, 'Kahraba', 846, 65, '716.jpg'),
(717, 'Ayman Ashraf', 846, 65, '717.jpg'),
(718, 'Mohamed Abdel-Shafy', 846, 65, '718.jpg'),
(719, 'Ramadan Sobhi', 846, 65, '719.jpg'),
(720, 'Mahmoud Hamdy', 913, 65, '720.jpg'),
(721, 'Sherif Ekramy', 846, 65, '721.jpg'),
(722, 'Mohamed Elneny', 911, 65, '722.jpg'),
(723, 'Shikabala', 914, 65, '723.jpg'),
(724, 'Abdallah Said', 910, 65, '724.jpg'),
(725, 'Saad Samir', 846, 65, '725.jpg'),
(726, 'Trezeguet', 915, 65, '726.jpg'),
(727, 'Amr Warda', 916, 65, '727.jpg'),
(728, 'Mohamed El-Shenawy', 917, 65, '728.jpg'),
(729, 'Mario Fernandes', 918, 1, '729.jpg'),
(730, 'Andrei Semyonov', 87, 1, '730.jpg'),
(731, 'Denis Cheryshev', 919, 1, '731.jpg'),
(732, 'Daler Kuzyayev', 100, 1, '732.jpg'),
(733, 'Alan Dzagoev', 779, 1, '733.jpg'),
(734, 'Roman Zobnin', 920, 1, '734.jpg'),
(735, 'Andrey Lunyov', 87, 1, '735.jpg'),
(736, 'Vladimir Granat', 780, 1, '736.jpg'),
(737, 'Anton Miranchuk', 103, 1, '737.jpg'),
(738, 'Abdullah Al-Mayouf', 725, 55, '738.jpg'),
(739, 'Mansoor Al-Harbi', 247, 55, '739.jpg'),
(740, 'Osama Hawsawi', 921, 55, '740.jpg'),
(741, 'Ali Al-Bulaihi', 922, 55, '741.jpg'),
(742, 'Omar Hawsawi', 725, 55, '742.jpg'),
(743, 'Mohammed Al-Breik', 725, 55, '743.jpg'),
(744, 'Salman Al-Faraj', 923, 55, '744.jpg'),
(745, 'Yahya Al-Shehri', 902, 55, '745.jpg'),
(746, 'Hattan Bahebri', 247, 55, '746.jpg'),
(747, 'Mohammad Al-Sahlawi', 924, 55, '747.jpg'),
(748, 'Abdulmalek Al-Khaibri', 725, 55, '748.jpg'),
(749, 'Mohamed Kanno', 925, 55, '749.jpg'),
(750, 'Yasser Al-Shahrani', 902, 55, '750.jpg'),
(751, 'Abdullah Otayf', 725, 55, '751.jpg'),
(752, 'Abdullah Al-Khaibari', 725, 55, '752.jpg'),
(753, 'Housain Al-Mogahwi', 247, 55, '753.jpg'),
(754, 'Taisir Al-Jassim', 847, 55, '754.jpg'),
(755, 'Salem Al-Dawsari', 247, 55, '755.jpg'),
(756, 'Fahad Al-Muwallad', 247, 55, '756.jpg'),
(757, 'Muhannad Assiri', 926, 55, '757.jpg'),
(758, 'Yasser Al-Mosailem', 847, 55, '758.jpg'),
(759, 'Mohammed Al-Owais', 847, 55, '759.jpg'),
(760, 'Motaz Hawsawi', 247, 55, '760.jpg'),
(761, 'Fernando Muslera', 171, 66, '761.jpg'),
(762, 'Jose Gimenez', 927, 66, '762.jpg'),
(763, 'Diego Godin', 781, 66, '763.jpg'),
(764, 'Guillermo Varela', 726, 66, '764.jpg'),
(765, 'Carlos Andres Sanchez', 726, 66, '765.jpg'),
(766, 'Rodrigo Bentancur', 928, 66, '766.jpg'),
(767, 'Cristian Rodriguez', 782, 66, '767.jpg'),
(768, 'Nahitan Nandez', 929, 66, '768.jpg'),
(769, 'Luis Suarez', 783, 66, '769.jpg'),
(770, 'Giorgian De Arrascaeta', 930, 66, '770.jpg'),
(771, 'Cristhian Stuani', 931, 66, '771.jpg'),
(772, 'Martin Campana', 932, 66, '772.jpg'),
(773, 'Gaston Silva', 783, 66, '773.jpg'),
(774, 'Lucas Torreira', 933, 66, '774.jpg'),
(775, 'Matias Vecino', 934, 66, '775.jpg'),
(776, 'Maxi Pereira', 726, 66, '776.jpg'),
(777, 'Diego Laxalt', 726, 66, '777.jpg'),
(778, 'Maxi Gomez', 935, 66, '778.jpg'),
(779, 'Sebastian Coates', 726, 66, '779.jpg'),
(780, 'Jonathan Urretaviscaya', 726, 66, '780.jpg'),
(781, 'Edinson Cavani', 783, 66, '781.jpg'),
(782, 'Martin Caceres', 726, 66, '782.jpg'),
(783, 'Martin Silva', 726, 66, '783.jpg'),
(784, 'Alireza Beiranvand', 936, 67, '784.jpg'),
(785, 'Mehdi Torabi', 937, 67, '785.jpg'),
(786, 'Ehsan Hajsafi', 784, 67, '786.jpg'),
(787, 'Rouzbeh Cheshmi', 729, 67, '787.jpg'),
(788, 'Milad Mohammadi', 729, 67, '788.jpg'),
(789, 'Saeid Ezatolahi', 938, 67, '789.jpg'),
(790, 'Masoud Shojaei', 785, 67, '790.jpg'),
(791, 'Morteza Pouraliganji', 939, 67, '791.jpg'),
(792, 'Omid Ebrahimi', 940, 67, '792.jpg'),
(793, 'Karim Ansarifard', 786, 67, '793.jpg'),
(794, 'Vahid Amiri', 941, 67, '794.jpg'),
(795, 'Mohammad Rashid Mazaheri', 942, 67, '795.jpg'),
(796, 'Mohammad Reza Khanzadeh', 729, 67, '796.jpg'),
(797, 'Saman Ghoddos', 590, 67, '797.jpg'),
(798, 'Pejman Montazeri', 787, 67, '798.jpg'),
(799, 'Reza Ghoochannejhad', 788, 67, '799.jpg'),
(800, 'Mehdi Taremi', 943, 67, '800.jpg'),
(801, 'Alireza Jahanbakhsh', 789, 67, '801.jpg'),
(802, 'Majid Hosseini', 729, 67, '802.jpg'),
(803, 'Sardar Azmoun', 944, 67, '803.jpg'),
(804, 'Ashkan Dejagah', 729, 67, '804.jpg'),
(805, 'Amir Abedzadeh', 729, 67, '805.jpg'),
(806, 'Ramin Rezaeian', 945, 67, '806.jpg'),
(807, 'Yassine Bounou', 113, 68, '807.jpg'),
(808, 'Achraf Hakimi', 63, 68, '808.jpg'),
(809, 'Hamza Mendyl', 946, 68, '809.jpg'),
(810, 'Manuel da Costa', 947, 68, '810.jpg'),
(811, 'Medhi Benatia', 948, 68, '811.jpg'),
(812, 'Romain Saiss', 949, 68, '812.jpg'),
(813, 'Hakim Ziyech', 950, 68, '813.jpg'),
(814, 'Karim El Ahmadi', 951, 68, '814.jpg'),
(815, 'Ayoub El Kaabi', 946, 68, '815.jpg'),
(816, 'Younes Belhanda', 952, 68, '816.jpg'),
(817, 'Faycal Fajr', 953, 68, '817.jpg'),
(818, 'Munir Mohamedi', 954, 68, '818.jpg'),
(819, 'Khalid Boutaib', 955, 68, '819.jpg'),
(820, 'Mbark Boussoufa', 122, 68, '820.jpg'),
(821, 'Youssef Ait Bennasser', 956, 68, '821.jpg'),
(822, 'Nordin Amrabat', 957, 68, '822.jpg'),
(823, 'Nabil Dirar', 946, 68, '823.jpg'),
(824, 'Amine Harit', 958, 68, '824.jpg'),
(825, 'Youssef En-Nesyri', 959, 68, '825.jpg'),
(826, 'Aziz Bouhaddouz', 854, 68, '826.jpg'),
(827, 'Sofyan Amrabat', 961, 68, '827.jpg'),
(828, 'Ahmed Reda Tagnaouti', 854, 68, '828.jpg'),
(829, 'Mehdi Carcela', 125, 68, '829.jpg'),
(830, 'Manuel Fernandes', 8, 7, '830.jpg'),
(831, 'Ruben Dias', 615, 7, '831.jpg'),
(832, 'Ricardo Pereira', 8, 7, '832.jpg'),
(833, 'Bruno Fernandes', 960, 7, '833.jpg'),
(834, 'Goncalo Guedes', 962, 7, '834.jpg'),
(835, 'Mario Rui', 963, 7, '835.jpg'),
(836, 'Dani Carvajal', 849, 9, '836.jpg'),
(837, 'Nacho', 63, 9, '837.jpg'),
(838, 'Saul', 964, 9, '838.jpg'),
(839, 'Rodrigo', 728, 9, '839.jpg'),
(840, 'Alvaro Odriozola', 10, 9, '840.jpg'),
(841, 'Kepa Arrizabalaga', 482, 9, '841.jpg'),
(842, 'Nacho Monreal', 470, 9, '842.jpg'),
(843, 'Iago Aspas', 965, 9, '843.jpg'),
(844, 'Diego Costa', 790, 9, '844.jpg'),
(845, 'Marco Asensio', 966, 9, '845.jpg'),
(846, 'Isco', 967, 9, '846.jpg'),
(847, 'Pepe Reina', 63, 9, '847.jpg'),
(848, 'James Meredith', 968, 3, '848.jpg'),
(849, 'Matthew Jurman', 969, 3, '849.jpg'),
(850, 'Andrew Nabbout', 39, 3, '850.jpg'),
(851, 'Brad Jones', 970, 3, '851.jpg'),
(852, 'Mile Jedinak', 971, 3, '852.jpg'),
(853, 'Daniel Arzani', 972, 3, '853.jpg'),
(854, 'Josh Risdon', 973, 3, '854.jpg'),
(855, 'Dimitri Petratos', 60, 3, '855.jpg'),
(856, 'Kasper Schmeichel', 516, 53, '856.jpg'),
(857, 'Michael Krohn-Dehli', 516, 53, '857.jpg'),
(858, 'Jannik Vestergaard', 974, 53, '858.jpg'),
(859, 'Simon Kjaer', 791, 53, '859.jpg'),
(860, 'Jonas Knudsen', 975, 53, '860.jpg'),
(861, 'Andreas Christensen', 976, 53, '861.jpg'),
(862, 'William Kvist', 792, 53, '862.jpg'),
(863, 'Thomas Delaney', 977, 53, '863.jpg'),
(864, 'Nicolai Jorgensen', 978, 53, '864.jpg'),
(865, 'Christian Eriksen', 793, 53, '865.jpg'),
(866, 'Martin Braithwaite', 975, 53, '866.jpg'),
(867, 'Kasper Dolberg', 979, 53, '867.jpg'),
(868, 'Mathias Jorgensen', 516, 53, '868.jpg'),
(869, 'Henrik Dalsgaard', 980, 53, '869.jpg'),
(870, 'Viktor Fischer', 622, 53, '870.jpg'),
(871, 'Jonas Lossl', 981, 53, '871.jpg'),
(872, 'Jens Stryger Larsen', 982, 53, '872.jpg'),
(873, 'Lukas Lerager', 983, 53, '873.jpg'),
(874, 'Lasse Schone', 794, 53, '874.jpg'),
(875, 'Yussuf Poulsen', 516, 53, '875.jpg'),
(876, 'Andreas Cornelius', 516, 53, '876.jpg'),
(877, 'Frederik Ronnow', 791, 53, '877.jpg'),
(878, 'Pione Sisto', 984, 53, '878.jpg'),
(879, 'Benjamin Pavard', 985, 10, '879.jpg'),
(880, 'Presnel Kimpembe', 986, 10, '880.jpg'),
(881, 'Raphael Varane', 611, 10, '881.jpg'),
(882, 'Thomas Lemar', 987, 10, '882.jpg'),
(883, 'Kylian Mbappe', 138, 10, '883.jpg'),
(884, 'Ousmane Dembele', 988, 10, '884.jpg'),
(885, 'Corentin Tolisso', 989, 10, '885.jpg'),
(886, 'Steven Nzonzi', 990, 10, '886.jpg'),
(887, 'Nabil Fekir', 216, 10, '887.jpg'),
(888, 'Djibril Sidibe', 901, 10, '888.jpg'),
(889, 'Florian Thauvin', 991, 10, '889.jpg'),
(890, 'Lucas Hernandez', 35, 10, '890.jpg'),
(891, 'Benjamin Mendy', 992, 10, '891.jpg'),
(892, 'Alphonse Areola', 138, 10, '892.jpg'),
(893, 'Pedro Gallese', 742, 69, '893.jpg'),
(894, 'Alberto Rodriguez', 742, 69, '894.jpg'),
(895, 'Aldo Corzo', 742, 69, '895.jpg'),
(896, 'Anderson Santamaria', 993, 69, '896.jpg'),
(897, 'Miguel Araujo', 795, 69, '897.jpg'),
(898, 'Miguel Trauco', 994, 69, '898.jpg'),
(899, 'Paolo Hurtado', 766, 69, '899.jpg'),
(900, 'Christian Cueva', 995, 69, '900.jpg'),
(901, 'Paolo Guerrero', 742, 69, '901.jpg'),
(902, 'Jefferson Farfan', 742, 69, '902.jpg'),
(903, 'Raul Ruidiaz', 795, 69, '903.jpg'),
(904, 'Carlos Caceda', 742, 69, '904.jpg'),
(905, 'Renato Tapia', 742, 69, '905.jpg'),
(906, 'Andy Polo', 742, 69, '906.jpg'),
(907, 'Christian Ramos', 742, 69, '907.jpg'),
(908, 'Wilder Cartagena', 742, 69, '908.jpg'),
(909, 'Luis Advincula', 796, 69, '909.jpg'),
(910, 'Andre Carrillo', 742, 69, '910.jpg'),
(911, 'Yoshimar Yotun', 766, 69, '911.jpg'),
(912, 'Edison Flores', 742, 69, '912.jpg'),
(913, 'Jose Carvallo', 742, 69, '913.jpg'),
(914, 'Nilson Loyola', 742, 69, '914.jpg'),
(915, 'Pedro Aquino', 742, 69, '915.jpg'),
(916, 'Nahuel Guzman', 996, 25, '916.jpg'),
(917, 'Gabriel Mercado', 997, 25, '917.jpg'),
(918, 'Nicolas Tagliafico', 171, 25, '918.jpg'),
(919, 'Cristian Ansaldi', 996, 25, '919.jpg'),
(920, 'Lucas Biglia', 797, 25, '920.jpg'),
(921, 'Federico Fazio', 171, 25, '921.jpg'),
(922, 'Ever Banega', 996, 25, '922.jpg'),
(923, 'Marcos Acuna', 998, 25, '923.jpg'),
(924, 'Gonzalo Higuain', 798, 25, '924.jpg'),
(925, 'Lionel Messi', 996, 25, '925.jpg'),
(926, 'Angel Di Maria', 996, 25, '926.jpg'),
(927, 'Franco Armani', 999, 25, '927.jpg'),
(928, 'Maximiliano Meza', 1000, 25, '928.jpg'),
(929, 'Javier Mascherano', 799, 25, '929.jpg'),
(930, 'Enzo Perez', 800, 25, '930.jpg'),
(931, 'Marcos Rojo', 801, 25, '931.jpg'),
(932, 'Nicolas Otamendi', 171, 25, '932.jpg'),
(933, 'Eduardo Salvio', 851, 25, '933.jpg'),
(934, 'Sergio Aguero', 802, 25, '934.jpg'),
(935, 'Giovani Lo Celso', 996, 25, '935.jpg'),
(936, 'Paulo Dybala', 1001, 25, '936.jpg'),
(937, 'Cristian Pavon', 1002, 25, '937.jpg'),
(938, 'Willy Caballero', 1003, 25, '938.jpg'),
(939, 'Dominik Livakovic', 529, 43, '939.jpg'),
(940, 'Dejan Lovren', 803, 43, '940.jpg'),
(941, 'Filip Bradaric', 520, 43, '941.jpg'),
(942, 'Duje Caleta-Car', 531, 43, '942.jpg'),
(943, 'Ante Rebic', 520, 43, '943.jpg'),
(944, 'Josip Pivaric', 240, 43, '944.jpg'),
(945, 'Samuel Fridjonsson', 627, 45, '945.jpg'),
(946, 'Albert Gudmundsson', 627, 45, '946.jpg'),
(949, 'Bjorn Bergmann Sigurdarson', 1004, 45, '949.jpg'),
(951, 'Alfred  Finnbogason', 630, 45, '951.jpg'),
(952, 'Frederik Schram', 1005, 45, '952.jpg'),
(953, 'Runar Alex Runarsson', 627, 45, '953.jpg'),
(954, 'Holmar Orn Eyjolfsson', 633, 45, '954.jpg'),
(955, 'Olafur Ingi Skulason', 627, 45, '955.jpg'),
(956, 'Horour Bjorgvin Magnusson', 627, 45, '956.jpg'),
(957, 'Rurik Gislason', 627, 45, '957.jpg'),
(960, 'Ikechukwu Ezenwa', 1006, 70, '960.jpg'),
(961, 'Brian Idowu', 64, 70, '961.jpg'),
(962, 'Elderson Echiejile', 1007, 70, '962.jpg'),
(963, 'Wilfred Ndidi', 805, 70, '963.jpg'),
(964, 'William Troost-Ekong', 1008, 70, '964.jpg'),
(965, 'Leon Balogun', 190, 70, '965.jpg'),
(966, 'Ahmed Musa', 804, 70, '966.jpg'),
(967, 'Peter Etebo', 805, 70, '967.jpg'),
(968, 'Odion Ighalo', 805, 70, '968.jpg'),
(969, 'John Obi Mikel', 804, 70, '969.jpg'),
(970, 'Victor Moses', 805, 70, '970.jpg'),
(971, 'Shehu Abdullahi', 1009, 70, '971.jpg'),
(972, 'Simeon Nwankwo', 1010, 70, '972.jpg'),
(973, 'Kelechi Iheanacho', 1011, 70, '973.jpg'),
(974, 'Joel Obi', 805, 70, '974.jpg'),
(975, 'Daniel Akpeyi', 1012, 70, '975.jpg'),
(976, 'Ogenyi Onazi', 804, 70, '976.jpg'),
(977, 'Alex Iwobi', 805, 70, '977.jpg'),
(978, 'John Ogu', 805, 70, '978.jpg'),
(979, 'Chidozie Awaziem', 1013, 70, '979.jpg'),
(980, 'Tyronne Ebuehi', 1008, 70, '980.jpg'),
(981, 'Kenneth Omeruo', 806, 70, '981.jpg'),
(982, 'Francis Uzoho', 1014, 70, '982.jpg'),
(983, 'Alisson', 1015, 18, '983.jpg'),
(984, 'Thiago Silva', 728, 18, '984.jpg'),
(985, 'Miranda', 807, 18, '985.jpg'),
(986, 'Pedro Geromel', 743, 18, '986.jpg'),
(987, 'Casemiro', 1016, 18, '987.jpg'),
(988, 'Filipe Luis', 808, 18, '988.jpg'),
(989, 'Douglas Costa', 1017, 18, '989.jpg'),
(990, 'Renato Augusto', 728, 18, '990.jpg'),
(991, 'Gabriel Jesus', 743, 18, '991.jpg'),
(992, 'Neymar', 809, 18, '992.jpg'),
(993, 'Philippe Coutinho', 728, 18, '993.jpg'),
(994, 'Marcelo', 728, 18, '994.jpg'),
(995, 'Marquinhos', 743, 18, '995.jpg'),
(996, 'Paulinho', 743, 18, '996.jpg'),
(997, 'Cassio', 1018, 18, '997.jpg'),
(998, 'Fernandinho', 810, 18, '998.jpg'),
(999, 'Fred', 727, 18, '999.jpg'),
(1000, 'Willian', 812, 18, '1000.jpg'),
(1001, 'Roberto Firmino', 72, 18, '1001.jpg'),
(1002, 'Taison', 1019, 18, '1002.jpg'),
(1003, 'Fagner', 743, 18, '1003.jpg'),
(1004, 'Ederson', 1020, 18, '1004.jpg'),
(1005, 'Keylor Navas', 813, 71, '1005.jpg'),
(1006, 'Johnny Acosta', 814, 71, '1006.jpg'),
(1007, 'Giancarlo Gonzalez', 1021, 71, '1007.jpg'),
(1008, 'Ian Smith', 1022, 71, '1008.jpg'),
(1009, 'Celso Borges', 748, 71, '1009.jpg'),
(1010, 'Oscar Duarte', 815, 71, '1010.jpg'),
(1011, 'Christian Bolanos', 816, 71, '1011.jpg'),
(1012, 'Bryan Oviedo', 814, 71, '1012.jpg'),
(1013, 'Daniel Colindres', 751, 71, '1013.jpg'),
(1014, 'Bryan Ruiz', 748, 71, '1014.jpg'),
(1015, 'Johan Venegas', 818, 71, '1015.jpg'),
(1016, 'Joel Campbell', 748, 71, '1016.jpg'),
(1017, 'Rodney Wallace', 748, 71, '1017.jpg'),
(1018, 'Randall Azofeifa', 748, 71, '1018.jpg'),
(1019, 'Francisco Calvo', 748, 71, '1019.jpg'),
(1020, 'Cristian Gamboa', 817, 71, '1020.jpg'),
(1021, 'Yeltsin Tejeda', 818, 71, '1021.jpg'),
(1022, 'Patrick Pemberton', 751, 71, '1022.jpg'),
(1023, 'Kendall Waston', 748, 71, '1023.jpg'),
(1024, 'David Guzman', 748, 71, '1024.jpg'),
(1025, 'Marco Urena', 748, 71, '1025.jpg'),
(1026, 'Kenner Gutierrez', 751, 71, '1026.jpg'),
(1027, 'Leonel Moreira', 751, 71, '1027.jpg'),
(1028, 'Vladimir Stojkovic', 642, 64, '1028.jpg'),
(1029, 'Antonio Rukavina', 752, 64, '1029.jpg'),
(1030, 'Dusko Tosic', 1023, 64, '1030.jpg'),
(1031, 'Luka Milivojevic', 1024, 64, '1031.jpg'),
(1032, 'Uros Spajic', 752, 64, '1032.jpg'),
(1033, 'Branislav Ivanovic', 819, 64, '1033.jpg'),
(1034, 'Andrija Zivkovic', 1025, 64, '1034.jpg'),
(1035, 'Aleksandar Prijovic', 308, 64, '1035.jpg'),
(1036, 'Aleksandar Mitrovic', 1026, 64, '1036.jpg'),
(1037, 'Dusan Tadic', 1027, 64, '1037.jpg'),
(1038, 'Aleksandar Kolarov', 752, 64, '1038.jpg'),
(1039, 'Predrag Rajkovic', 1028, 64, '1039.jpg'),
(1040, 'Milos Veljkovic', 278, 64, '1040.jpg'),
(1041, 'Milan Rodic', 1029, 64, '1041.jpg'),
(1042, 'Nikola Milenkovic', 752, 64, '1042.jpg'),
(1043, 'Marko Grujic', 752, 64, '1043.jpg'),
(1044, 'Filip Kostic', 1024, 64, '1044.jpg'),
(1045, 'Nemanja Radonjic', 1025, 64, '1045.jpg'),
(1046, 'Luka Jovic', 1030, 64, '1046.jpg'),
(1047, 'Sergej Milinkovic-Savic', 1031, 64, '1047.jpg'),
(1048, 'Nemanja Matic', 1032, 64, '1048.jpg'),
(1049, 'Adem Ljajic', 1033, 64, '1049.jpg'),
(1050, 'Marko Dmitrovic', 1034, 64, '1050.jpg'),
(1051, 'Manuel Akanji', 1035, 30, '1051.jpg'),
(1052, 'Remo Freuler', 1036, 30, '1052.jpg'),
(1053, 'Yvon Mvogo', 128, 30, '1053.jpg'),
(1054, 'Steven Zuber', 1037, 30, '1054.jpg'),
(1055, 'Mario Gavranovic', 270, 30, '1055.jpg'),
(1056, 'Josip Drmic', 820, 30, '1056.jpg'),
(1057, 'Marco Reus', 65, 6, '1057.jpg'),
(1059, 'Ilkay Gundogan', 191, 6, '1059.jpg'),
(1060, 'Jesus Corona', 1, 32, '1060.jpg'),
(1061, 'Hugo Ayala', 29, 32, '1061.jpg'),
(1062, 'Erick Gutierrez', 1038, 32, '1062.jpg'),
(1063, 'Jesus Tecatito Corona', 1039, 32, '1063.jpg'),
(1064, 'Edson Alvarez', 1040, 32, '1064.jpg'),
(1065, 'Jesus Gallardo', 1041, 32, '1065.jpg'),
(1066, 'Kim Seung-gyu', 758, 72, '1066.jpg'),
(1067, 'Lee Yong', 758, 72, '1067.jpg'),
(1068, 'Jung Seung-hyun', 884, 72, '1068.jpg'),
(1069, 'Oh Ban-suk', 1042, 72, '1069.jpg'),
(1070, 'Yun Young-sun', 821, 72, '1070.jpg'),
(1071, 'Park Joo-ho', 821, 72, '1071.jpg'),
(1072, 'Son Heung-min', 1043, 72, '1072.jpg'),
(1073, 'Ju Se-jong', 1044, 72, '1073.jpg'),
(1074, 'Kim Shin-wook', 1042, 72, '1074.jpg'),
(1075, 'Lee Seung-woo', 735, 72, '1075.jpg'),
(1076, 'Hwang Hee-chan', 1043, 72, '1076.jpg'),
(1077, 'Kim Min-woo', 1045, 72, '1077.jpg'),
(1078, 'Koo Ja-cheol', 1046, 72, '1078.jpg'),
(1079, 'Hong Chul', 1047, 72, '1079.jpg'),
(1080, 'Jung Woo-young', 758, 72, '1080.jpg'),
(1081, 'Ki Sung-yueng', 1048, 72, '1081.jpg'),
(1082, 'Lee Jae-sung', 758, 72, '1082.jpg'),
(1083, 'Moon Seon-min', 821, 72, '1083.jpg'),
(1084, 'Kim Young-gwon', 1049, 72, '1084.jpg'),
(1085, 'Jang Hyun-soo', 821, 72, '1085.jpg'),
(1086, 'Kim Jin-hyeon', 735, 72, '1086.jpg'),
(1087, 'Go Yo-han', 1050, 72, '1087.jpg'),
(1088, 'Jo Hyeon-woo', 821, 72, '1088.jpg'),
(1089, 'Karl-Johan Johnsson', 1051, 61, '1089.jpg'),
(1090, 'Gustav Svensson', 619, 61, '1090.jpg'),
(1091, 'Filip Helander', 590, 61, '1091.jpg'),
(1092, 'Emil Krafth', 593, 61, '1092.jpg'),
(1093, 'Viktor Claesson', 1052, 61, '1093.jpg'),
(1094, 'Marcus Rohden', 1053, 61, '1094.jpg'),
(1095, 'Ola Toivonen', 822, 61, '1095.jpg'),
(1096, 'Isaac Kiese Thelin', 608, 61, '1096.jpg'),
(1097, 'Kristoffer Nordfeldt', 593, 61, '1097.jpg'),
(1098, 'Vincent Kompany', 823, 17, '1098.jpg'),
(1099, 'Yannick Carrasco', 546, 17, '1099.jpg'),
(1100, 'Koen Casteels', 1054, 17, '1100.jpg'),
(1101, 'Thorgan Hazard', 545, 17, '1101.jpg'),
(1102, 'Youri Tielemans', 1055, 17, '1102.jpg'),
(1103, 'Adnan Januzaj', 553, 17, '1103.jpg'),
(1104, 'Dedryck Boyata', 553, 17, '1104.jpg'),
(1105, 'Nacer Chadli', 125, 17, '1105.jpg'),
(1106, 'Leander Dendoncker', 1056, 17, '1106.jpg'),
(1107, 'Jordan Pickford', 1057, 8, '1107.jpg'),
(1108, 'Harry Maguire', 317, 8, '1108.jpg'),
(1109, 'Jesse Lingard', 354, 8, '1109.jpg'),
(1110, 'Kieran Trippier', 1058, 8, '1110.jpg'),
(1111, 'Jack Butland', 145, 8, '1111.jpg'),
(1112, 'Danny Welbeck', 165, 8, '1112.jpg'),
(1113, 'Phil Jones', 824, 8, '1113.jpg'),
(1114, 'Fabian Delph', 1059, 8, '1114.jpg'),
(1115, 'Ashley Young', 329, 8, '1115.jpg'),
(1116, 'Ruben Loftus-Cheek', 66, 8, '1116.jpg'),
(1117, 'Trent Alexander-Arnold', 195, 8, '1117.jpg'),
(1118, 'Nick Pope', 1060, 8, '1118.jpg'),
(1119, 'Jaime Penedo', 895, 73, '1119.jpg'),
(1120, 'Michael Amir Murillo', 895, 73, '1120.jpg'),
(1121, 'Harold Cummings', 895, 73, '1121.jpg'),
(1122, 'Fidel Escobar', 895, 73, '1122.jpg'),
(1123, 'Roman Torres', 895, 73, '1123.jpg'),
(1124, 'Gabriel Gomez', 895, 73, '1124.jpg'),
(1125, 'Blas Perez', 895, 73, '1125.jpg'),
(1126, 'Edgar Barcenas', 1061, 73, '1126.jpg'),
(1127, 'Gabriel Torres', 895, 73, '1127.jpg'),
(1128, 'Ismael Diaz', 895, 73, '1128.jpg'),
(1129, 'Armando Cooper', 1061, 73, '1129.jpg'),
(1130, 'Jose Calderon', 895, 73, '1130.jpg'),
(1131, 'Adolfo Machado', 895, 73, '1131.jpg'),
(1132, 'Valentin Pimentel', 895, 73, '1132.jpg'),
(1133, 'Erick Davis', 1061, 73, '1133.jpg'),
(1134, 'Abdiel Arroyo', 1061, 73, '1134.jpg'),
(1135, 'Luis Ovalle', 895, 73, '1135.jpg'),
(1136, 'Luis Tejada', 895, 73, '1136.jpg'),
(1137, 'Ricardo Avila', 895, 73, '1137.jpg'),
(1138, 'Anibal Godoy', 895, 73, '1138.jpg'),
(1139, 'Jose Luis Rodriguez', 895, 73, '1139.jpg'),
(1140, 'Alex Rodriguez', 895, 73, '1140.jpg'),
(1141, 'Felipe Baloy', 895, 73, '1141.jpg'),
(1142, 'Farouk Ben Mustapha', 1062, 74, '1142.jpg'),
(1143, 'Syam Ben Youssef', 35, 74, '1143.jpg'),
(1144, 'Yohan Benalouane', 955, 74, '1144.jpg'),
(1145, 'Yassine Meriah', 1063, 74, '1145.jpg'),
(1146, 'Oussama Haddadi', 767, 74, '1146.jpg'),
(1147, 'Rami Bedoui', 900, 74, '1147.jpg'),
(1148, 'Saif-Eddine Khaoui', 138, 74, '1148.jpg'),
(1149, 'Fakhreddine Ben Youssef', 767, 74, '1149.jpg'),
(1150, 'Anice Badri', 216, 74, '1150.jpg'),
(1151, 'Wahbi Khazri', 1064, 74, '1151.jpg'),
(1152, 'Dylan Bronn', 1065, 74, '1152.jpg'),
(1153, 'Ali Maaloul', 898, 74, '1153.jpg'),
(1154, 'Ferjani Sassi', 1063, 74, '1154.jpg'),
(1155, 'Mohamed Amine Ben Amor', 900, 74, '1155.jpg'),
(1156, 'Ahmed Khalil', 1066, 74, '1156.jpg'),
(1157, 'Aymen Mathlouthi', 767, 74, '1157.jpg'),
(1158, 'Ellyes Skhiri', 1067, 74, '1158.jpg'),
(1159, 'Bassem Srarfi', 767, 74, '1159.jpg'),
(1160, 'Saber Khalifa', 1068, 74, '1160.jpg'),
(1161, 'Ghailene Chaalali', 1069, 74, '1161.jpg'),
(1162, 'Hamdi Nagguez', 1070, 74, '1162.jpg'),
(1163, 'Mouez Hassen', 1071, 74, '1163.jpg'),
(1164, 'Naim Sliti', 35, 74, '1164.jpg'),
(1165, 'David Ospina', 825, 75, '1165.jpg'),
(1166, 'Cristian Zapata', 826, 75, '1166.jpg'),
(1167, 'Oscar Murillo', 1072, 75, '1167.jpg'),
(1168, 'Santiago Arias', 825, 75, '1168.jpg'),
(1169, 'Wilmar Barrios', 1073, 75, '1169.jpg'),
(1170, 'Carlos Sanchez', 827, 75, '1170.jpg'),
(1171, 'Carlos Bacca', 828, 75, '1171.jpg'),
(1172, 'Abel Aguilar', 829, 75, '1172.jpg'),
(1173, 'Radamel Falcao', 830, 75, '1173.jpg'),
(1174, 'James Rodriguez', 831, 75, '1174.jpg'),
(1175, 'Juan Cuadrado', 832, 75, '1175.jpg'),
(1176, 'Camilo Vargas', 829, 75, '1176.jpg'),
(1177, 'Yerry Mina', 1074, 75, '1177.jpg'),
(1178, 'Luis Muriel', 1075, 75, '1178.jpg'),
(1179, 'Mateus Uribe', 825, 75, '1179.jpg'),
(1180, 'Jefferson Lerma', 1076, 75, '1180.jpg'),
(1181, 'Johan Mojica', 769, 75, '1181.jpg');
INSERT INTO `player` (`player_id`, `player_name`, `city_id`, `country_id`, `image_url`) VALUES
(1182, 'Farid Diaz', 1077, 75, '1182.jpg'),
(1183, 'Miguel Borja', 1078, 75, '1183.jpg'),
(1184, 'Juan Fernando Quintero', 825, 75, '1184.jpg'),
(1185, 'Jose Izquierdo', 1079, 75, '1185.jpg'),
(1186, 'Jose Fernando Cuadrado', 1080, 75, '1186.jpg'),
(1187, 'Davinson Sanchez', 1081, 75, '1187.jpg'),
(1188, 'Eiji Kawashima', 736, 28, '1188.jpg'),
(1189, 'Naomichi Ueda', 1082, 28, '1189.jpg'),
(1190, 'Gen Shoji', 755, 28, '1190.jpg'),
(1191, 'Keisuke Honda', 833, 28, '1191.jpg'),
(1192, 'Yuto Nagatomo', 834, 28, '1192.jpg'),
(1193, 'Wataru Endo', 140, 28, '1193.jpg'),
(1194, 'Gaku Shibasaki', 1083, 28, '1194.jpg'),
(1195, 'Genki Haraguchi', 1084, 28, '1195.jpg'),
(1196, 'Shinji Okazaki', 835, 28, '1196.jpg'),
(1197, 'Shinji Kagawa', 836, 28, '1197.jpg'),
(1198, 'Takashi Usami', 1085, 28, '1198.jpg'),
(1199, 'Masaaki Higashiguchi', 1086, 28, '1199.jpg'),
(1200, 'Yoshinori Muto', 762, 28, '1200.jpg'),
(1201, 'Takashi Inui', 837, 28, '1201.jpg'),
(1202, 'Yuya Osako', 838, 28, '1202.jpg'),
(1203, 'Hotaru Yamaguchi', 839, 28, '1203.jpg'),
(1204, 'Makoto Hasebe', 840, 28, '1204.jpg'),
(1205, 'Ryota Oshima', 1087, 28, '1205.jpg'),
(1206, 'Hiroki Sakai', 775, 28, '1206.jpg'),
(1207, 'Tomoaki Makino', 1088, 28, '1207.jpg'),
(1208, 'Gotoku Sakai', 841, 28, '1208.jpg'),
(1209, 'Maya Yoshida', 842, 28, '1209.jpg'),
(1210, 'Kosuke Nakamura', 762, 28, '1210.jpg'),
(1211, 'Jan Bednarek', 1089, 41, '1211.jpg'),
(1212, 'Jacek Goralski', 1090, 41, '1212.jpg'),
(1213, 'Bartosz Bialkowski', 1091, 41, '1213.jpg'),
(1214, 'Maciej Rybus', 843, 41, '1214.jpg'),
(1215, 'Lukasz Teodorczyk', 1092, 41, '1215.jpg'),
(1216, 'Bartosz Bereszynski', 422, 41, '1216.jpg'),
(1217, 'Rafal Kurzawa', 1093, 41, '1217.jpg'),
(1218, 'Dawid Kownacki', 1094, 41, '1218.jpg'),
(1219, 'Abdoulaye Diallo', 1095, 36, '1219.jpg'),
(1220, 'Adama Mbengue', 1096, 36, '1220.jpg'),
(1221, 'Kalidou Koulibaly', 1097, 36, '1221.jpg'),
(1222, 'Kara Mbodji', 1098, 36, '1222.jpg'),
(1223, 'Idrissa Gueye', 134, 36, '1223.jpg'),
(1224, 'Salif Sane', 1099, 36, '1224.jpg'),
(1225, 'Moussa Sow', 1100, 36, '1225.jpg'),
(1226, 'Cheikhou Kouyate', 134, 36, '1226.jpg'),
(1227, 'Mame Biram Diouf', 134, 36, '1227.jpg'),
(1228, 'Sadio Mane', 1101, 36, '1228.jpg'),
(1229, 'Cheikh N Doye', 1096, 36, '1229.jpg'),
(1230, 'Youssouf Sabaly', 1102, 36, '1230.jpg'),
(1231, 'Alfred N Diaye', 138, 36, '1231.jpg'),
(1232, 'Moussa Konate', 1103, 36, '1232.jpg'),
(1233, 'Diafra Sakho', 1104, 36, '1233.jpg'),
(1234, 'Khadim N Diaye', 134, 36, '1234.jpg'),
(1235, 'Badou Ndiaye', 134, 36, '1235.jpg'),
(1236, 'Ismaila Sarr', 1105, 36, '1236.jpg'),
(1237, 'M Baye Niang', 1106, 36, '1237.jpg'),
(1238, 'Keita Balde', 1107, 36, '1238.jpg'),
(1239, 'Lamine Gassama', 35, 36, '1239.jpg'),
(1240, 'Moussa Wague', 1108, 36, '1240.jpg'),
(1241, 'Alfred Gomis', 1109, 36, '1241.jpg'),
(1242, 'David Neres', 743, 18, '	1242	.jpg'),
(1243, 'Arthur', 1137, 18, '	1243	.jpg'),
(1244, 'Alex Sandro', 1138, 18, '	1244	.jpg'),
(1245, 'Dani Alves', 1123, 18, '	1245	.jpg'),
(1246, 'Eder Militao', 1139, 18, '	1246	.jpg'),
(1247, 'Allan', 728, 18, '	1247	.jpg'),
(1248, 'Lucas Paqueta', 728, 18, '	1248	.jpg'),
(1249, 'Everton', 1140, 18, '	1249	.jpg'),
(1250, 'Richarlison', 1141, 18, '	1250	.jpg'),
(1251, 'Carlos Lampe', 1112, 83, '	1251	.jpg'),
(1252, 'Saul Torres', 1142, 83, '	1252	.jpg'),
(1253, 'Alejandro Chumacero', 1114, 83, '	1253	.jpg'),
(1254, 'Luis Haquin', 1112, 83, '	1254	.jpg'),
(1255, 'Mario Cuellar', 1112, 83, '	1255	.jpg'),
(1256, 'Erwin Saavedra', 1143, 83, '	1256	.jpg'),
(1257, 'Leonel Justiniano', 1112, 83, '	1257	.jpg'),
(1258, 'Diego Bejarano', 1112, 83, '	1258	.jpg'),
(1259, 'Marcelo Martins Moreno', 1112, 83, '	1259	.jpg'),
(1260, 'Samuel Galindo', 1112, 83, '	1260	.jpg'),
(1261, 'Leonardo Vaca', 1112, 83, '	1261	.jpg'),
(1262, 'Ruben Cordano', 1112, 83, '	1262	.jpg'),
(1263, 'Jose Maria Carrasco', 1112, 83, '	1263	.jpg'),
(1264, 'Raul Castro', 1114, 83, '	1264	.jpg'),
(1265, 'Paul Arano', 1112, 83, '	1265	.jpg'),
(1266, 'Diego Wayar', 1144, 83, '	1266	.jpg'),
(1267, 'Marvin Bejarano', 1144, 83, '	1267	.jpg'),
(1268, 'Gilbert Alvarez', 1112, 83, '	1268	.jpg'),
(1269, 'Ramiro Vaca', 1144, 83, '	1269	.jpg'),
(1270, 'Fernando Saucedo', 1112, 83, '	1270	.jpg'),
(1271, 'Roberto Fernandez', 1112, 83, '	1271	.jpg'),
(1272, 'Adrian Jusino', 1145, 83, '	1272	.jpg'),
(1273, 'Javier Rojas', 1112, 83, '	1273	.jpg'),
(1274, 'Wuilker Farinez', 1125, 85, '	1274	.jpg'),
(1275, 'Mikel Villanueva', 1124, 85, '	1275	.jpg'),
(1276, 'Yordan Osorio', 1146, 85, '	1276	.jpg'),
(1277, 'Jhon Chancellor', 1147, 85, '	1277	.jpg'),
(1278, 'Junior Moreno', 1124, 85, '	1278	.jpg'),
(1279, 'Yangel Herrera', 1148, 85, '	1279	.jpg'),
(1280, 'Darwin Machis', 1149, 85, '	1280	.jpg'),
(1281, 'Tomas Rincon', 1124, 85, '	1281	.jpg'),
(1282, 'Fernando Aristeguieta', 1125, 85, '	1282	.jpg'),
(1283, 'Jefferson Savarino', 1150, 85, '	1283	.jpg'),
(1284, 'Juanpi', 1125, 85, '	1284	.jpg'),
(1285, 'Joel Graterol', 1151, 85, '	1285	.jpg'),
(1286, 'Luis Manuel Seijas', 1151, 85, '	1286	.jpg'),
(1287, 'Luis Mago', 1152, 85, '	1287	.jpg'),
(1288, 'Jhon Murillo', 1153, 85, '	1288	.jpg'),
(1289, 'Roberto Rosales', 1125, 85, '	1289	.jpg'),
(1290, 'Josef Martinez', 1151, 85, '	1290	.jpg'),
(1291, 'Yeferson Soteldo', 1154, 85, '	1291	.jpg'),
(1292, 'Arquimedes Figuera', 1152, 85, '	1292	.jpg'),
(1293, 'Ronald Hernandez', 1146, 85, '	1293	.jpg'),
(1294, 'Rolf Feltscher', 1155, 85, '	1294	.jpg'),
(1295, 'Rafael Romo', 1156, 85, '	1295	.jpg'),
(1296, 'Salomon Rondon', 1125, 85, '	1296	.jpg'),
(1297, 'Luis Abram', 742, 69, '	1297	.jpg'),
(1298, 'Josepmir Ballon', 742, 69, '	1298	.jpg'),
(1299, 'Carlos Zambrano', 766, 69, '	1299	.jpg'),
(1300, 'Jesus Pretell', 1157, 69, '	1300	.jpg'),
(1301, 'Patricio Alvarez', 742, 69, '	1301	.jpg'),
(1302, 'Alexander Callens', 766, 69, '	1302	.jpg'),
(1303, 'Christofer Gonzales', 742, 69, '	1303	.jpg'),
(1304, 'Juan Foyth', 801, 25, '	1304	.jpg'),
(1305, 'Renzo Saravia', 1158, 25, '	1305	.jpg'),
(1306, 'Leandro Paredes', 1159, 25, '	1306	.jpg'),
(1307, 'German Pezzella', 1160, 25, '	1307	.jpg'),
(1308, 'Roberto Pereyra', 181, 25, '	1308	.jpg'),
(1309, 'Agustin Marchesin', 1161, 25, '	1309	.jpg'),
(1310, 'Ramiro Funes Mori', 1162, 25, '	1310	.jpg'),
(1311, 'Milton Casco', 1163, 25, '	1311	.jpg'),
(1312, 'Guido Pizarro', 171, 25, '	1312	.jpg'),
(1313, 'Rodrigo De Paul', 1164, 25, '	1313	.jpg'),
(1314, 'Guido Rodriguez', 1165, 25, '	1314	.jpg'),
(1315, 'Matias Suarez', 1166, 25, '	1315	.jpg'),
(1316, 'Lautaro Martinez', 1160, 25, '	1316	.jpg'),
(1317, 'Juan Musso', 1167, 25, '	1317	.jpg'),
(1318, 'Stefan Medina', 1168, 75, '	1318	.jpg'),
(1319, 'William Tesillo', 861, 75, '	1319	.jpg'),
(1320, 'Duvan Zapata', 826, 75, '	1320	.jpg'),
(1321, 'Edwin Cardona', 825, 75, '	1321	.jpg'),
(1322, 'Luis Diaz', 1169, 75, '	1322	.jpg'),
(1323, 'Cristian Borja', 769, 75, '	1323	.jpg'),
(1324, 'Gustavo Cuellar', 861, 75, '	1324	.jpg'),
(1325, 'Roger Martinez', 1073, 75, '	1325	.jpg'),
(1326, 'Jhon Lucumi', 769, 75, '	1326	.jpg'),
(1327, 'Alvaro Montero', 1170, 75, '	1327	.jpg'),
(1328, 'Antony Silva', 770, 77, '	1328	.jpg'),
(1329, 'Ivan Piris', 1126, 77, '	1329	.jpg'),
(1330, 'Juan Escobar', 1171, 77, '	1330	.jpg'),
(1331, 'Fabian Balbuena', 1172, 77, '	1331	.jpg'),
(1332, 'Bruno Valdez', 1173, 77, '	1332	.jpg'),
(1333, 'Richard Sanchez', 770, 77, '	1333	.jpg'),
(1334, 'Oscar Cardozo', 1127, 77, '	1334	.jpg'),
(1335, 'Rodrigo Rojas', 1173, 77, '	1335	.jpg'),
(1336, 'Federico Santander', 1174, 77, '	1336	.jpg'),
(1337, 'Derlis Gonzalez', 1175, 77, '	1337	.jpg'),
(1338, 'Juan Iturbe', 171, 77, '	1338	.jpg'),
(1339, 'Gatito Fernandez', 770, 77, '	1339	.jpg'),
(1340, 'Junior Alonso', 770, 77, '	1340	.jpg'),
(1341, 'Ivan Torres', 1176, 77, '	1341	.jpg'),
(1342, 'Gustavo Gomez', 1177, 77, '	1342	.jpg'),
(1343, 'Celso Ortiz', 770, 77, '	1343	.jpg'),
(1344, 'Hernan Perez', 770, 77, '	1344	.jpg'),
(1345, 'Santiago Arzamendia', 1178, 77, '	1345	.jpg'),
(1346, 'Cecilio Dominguez', 770, 77, '	1346	.jpg'),
(1347, 'Matias Rojas', 770, 77, '	1347	.jpg'),
(1348, 'Oscar Romero', 1173, 77, '	1348	.jpg'),
(1349, 'Alfredo Aguilar', 1179, 77, '	1349	.jpg'),
(1350, 'Miguel Almiron', 770, 77, '	1350	.jpg'),
(1351, 'Saad Al Sheeb', 248, 49, '	1351	.jpg'),
(1352, 'Ro Ro', 1180, 49, '	1352	.jpg'),
(1353, 'Abdelkarim Hassan', 248, 49, '	1353	.jpg'),
(1354, 'Al Mahdi Ali Mukhtar', 248, 49, '	1354	.jpg'),
(1355, 'Tarek Salman', 248, 49, '	1355	.jpg'),
(1356, 'Abdulaziz Hatem', 248, 49, '	1356	.jpg'),
(1357, 'Ahmed Alaaeldin', 846, 49, '	1357	.jpg'),
(1358, 'Hamid Ismail', 248, 49, '	1358	.jpg'),
(1359, 'Abdullah Al Ahrak', 248, 49, '	1359	.jpg'),
(1360, 'Hassan Al Haydos', 248, 49, '	1360	.jpg'),
(1361, 'Akram Afif', 248, 49, '	1361	.jpg'),
(1362, 'Karim Boudiaf', 1181, 49, '	1362	.jpg'),
(1363, 'Tameem Al Muhaza', 248, 49, '	1363	.jpg'),
(1364, 'Salem Al Hajri', 248, 49, '	1364	.jpg'),
(1365, 'Bassam Al Rawi', 1182, 49, '	1365	.jpg'),
(1366, 'Boualem Khoukhi', 1183, 49, '	1366	.jpg'),
(1367, 'Ahmed Moein', 248, 49, '	1367	.jpg'),
(1368, 'Ahmed Fatehi', 248, 49, '	1368	.jpg'),
(1369, 'Almoez Ali', 1184, 49, '	1369	.jpg'),
(1370, 'Ali Afif', 248, 49, '	1370	.jpg'),
(1371, 'Yousef Hassan', 248, 49, '	1371	.jpg'),
(1372, 'Mohammed Al Bakri', 248, 49, '	1372	.jpg'),
(1373, 'Assim Madibo', 248, 49, '	1373	.jpg'),
(1374, 'Giovanni Gonzalez', 726, 66, '	1374	.jpg'),
(1375, 'Nicolas Lodeiro', 935, 66, '	1375	.jpg'),
(1376, 'Marcelo Saracchi', 935, 66, '	1376	.jpg'),
(1377, 'Federico Valverde', 726, 66, '	1377	.jpg'),
(1378, 'Gaston Pereiro', 726, 66, '	1378	.jpg'),
(1379, 'Jonathan Rodriguez', 1185, 66, '	1379	.jpg'),
(1380, 'Maximo Banguera', 1128, 84, '	1380	.jpg'),
(1381, 'Arturo Mina', 1186, 84, '	1381	.jpg'),
(1382, 'Robert Arboleda', 1133, 84, '	1382	.jpg'),
(1383, 'Pedro Velasco', 1133, 84, '	1383	.jpg'),
(1384, 'Renato Ibarra', 1129, 84, '	1384	.jpg'),
(1385, 'Cristian Ramirez', 1130, 84, '	1385	.jpg'),
(1386, 'Romario Ibarra', 1187, 84, '	1386	.jpg'),
(1387, 'Carlos Gruezo', 1130, 84, '	1387	.jpg'),
(1388, 'Carlos Garces', 1188, 84, '	1388	.jpg'),
(1389, 'Angel Mena', 1128, 84, '	1389	.jpg'),
(1390, 'Ayrton Preciado', 1133, 84, '	1390	.jpg'),
(1391, 'Pedro Ortiz', 1133, 84, '	1391	.jpg'),
(1392, 'Enner Valencia', 1133, 84, '	1392	.jpg'),
(1393, 'Xavier Arreaga', 1128, 84, '	1393	.jpg'),
(1394, 'Jefferson Intriago', 1189, 84, '	1394	.jpg'),
(1395, 'Antonio Valencia', 1190, 84, '	1395	.jpg'),
(1396, 'Jose Quintero', 1191, 84, '	1396	.jpg'),
(1397, 'Jefferson Orejuela', 1192, 84, '	1397	.jpg'),
(1398, 'Beder Caicedo', 1192, 84, '	1398	.jpg'),
(1399, 'Andres Chicaiza', 1193, 84, '	1399	.jpg'),
(1400, 'Gabriel Achilier', 1132, 84, '	1400	.jpg'),
(1401, 'Alexander Dominguez', 1133, 84, '	1401	.jpg'),
(1402, 'Jhegson Mendez', 1194, 84, '	1402	.jpg'),
(1403, 'Daiki Sugioka', 1195, 28, '	1403	.jpg'),
(1404, 'Yuta Nakayama', 1196, 28, '	1404	.jpg'),
(1405, 'Ko Itakura', 140, 28, '	1405	.jpg'),
(1406, 'Kota Watanabe', 774, 28, '	1406	.jpg'),
(1407, 'Tatsuya Ito', 1197, 28, '	1407	.jpg'),
(1408, 'Daizen Maeda', 763, 28, '	1408	.jpg'),
(1409, 'Shoya Nakajima', 1198, 28, '	1409	.jpg'),
(1410, 'Koji Miyoshi', 774, 28, '	1410	.jpg'),
(1411, 'Ryosuke Kojima', 1199, 28, '	1411	.jpg'),
(1412, 'Ayase Ueda', 1200, 28, '	1412	.jpg'),
(1413, 'Teruki Hara', 736, 28, '	1413	.jpg'),
(1414, 'Daiki Suga', 1201, 28, '	1414	.jpg'),
(1415, 'Takehiro Tomiyasu', 1202, 28, '	1415	.jpg'),
(1416, 'Taishi Matsumoto', 1203, 28, '	1416	.jpg'),
(1417, 'Tomoki Iwata', 1204, 28, '	1417	.jpg'),
(1418, 'Hiroki Abe', 762, 28, '	1418	.jpg'),
(1419, 'Takefusa Kubo', 774, 28, '	1419	.jpg'),
(1420, 'Yugo Tatsuta', 1205, 28, '	1420	.jpg'),
(1421, 'Keisuke Osako', 1206, 28, '	1421	.jpg'),
(1422, 'Gabriel Arias', 1207, 5, '	1422	.jpg'),
(1423, 'Igor Lichnovsky', 1208, 5, '	1423	.jpg'),
(1424, 'Guillermo Maripan', 167, 5, '	1424	.jpg'),
(1425, 'Nicolas Castillo', 167, 5, '	1425	.jpg'),
(1426, 'Diego Valdes', 728, 5, '	1426	.jpg'),
(1427, 'Brayan Cortes', 187, 5, '	1427	.jpg'),
(1428, 'Erick Pulgar', 182, 5, '	1428	.jpg'),
(1429, 'Esteban Pavez', 728, 5, '	1429	.jpg'),
(1430, 'Junior Fernandes', 179, 5, '	1430	.jpg'),
(1431, 'Oscar Opazo', 1209, 5, '	1431	.jpg'),
(1432, 'Yerko Urra', 1210, 5, '	1432	.jpg');

-- --------------------------------------------------------

--
-- Table structure for table `player_tournament`
--

CREATE TABLE `player_tournament` (
  `player_id` int(6) NOT NULL,
  `tournament_id` int(3) NOT NULL,
  `position` varchar(2) DEFAULT NULL,
  `number` varchar(2) DEFAULT NULL,
  `age` varchar(2) DEFAULT NULL,
  `club_id` int(4) NOT NULL,
  `league_id` int(3) NOT NULL
) ENGINE=MyISAM DEFAULT CHARSET=latin1;

--
-- Dumping data for table `player_tournament`
--

INSERT INTO `player_tournament` (`player_id`, `tournament_id`, `position`, `number`, `age`, `club_id`, `league_id`) VALUES
(1, 1, 'GK', '1', '29', 1, 1),
(2, 1, 'DF', '2', '25', 2, 1),
(3, 1, 'DF', '3', '23', 3, 2),
(4, 1, 'DF', '4', '38', 4, 1),
(5, 1, 'DF', '5', '24', 5, 3),
(6, 1, 'MF', '6', '27', 6, 3),
(7, 1, 'MF', '7', '28', 7, 4),
(8, 1, 'FW', '8', '27', 8, 5),
(9, 1, 'FW', '9', '26', 9, 4),
(10, 1, 'MF', '10', '28', 10, 6),
(11, 1, 'MF', '11', '28', 11, 3),
(12, 1, 'GK', '12', '34', 12, 1),
(13, 1, 'GK', '13', '31', 13, 3),
(14, 1, 'FW', '14', '29', 14, 5),
(15, 1, 'DF', '15', '29', 15, 7),
(16, 1, 'MF', '16', '27', 7, 4),
(17, 1, 'MF', '17', '24', 16, 1),
(18, 1, 'MF', '18', '30', 15, 7),
(19, 1, 'FW', '19', '33', 17, 1),
(20, 1, 'MF', '20', '27', 16, 1),
(21, 1, 'DF', '21', '26', 4, 1),
(22, 1, 'FW', '22', '21', 18, 1),
(23, 1, 'MF', '23', '28', 1, 1),
(24, 1, 'GK', '1', '25', 19, 8),
(25, 1, 'DF', '2', '20', 20, 19),
(26, 1, 'DF', '3', '22', 21, 9),
(27, 1, 'DF', '4', '31', 22, 10),
(28, 1, 'DF', '5', '28', 23, 11),
(29, 1, 'MF', '6', '22', 24, 12),
(30, 1, 'FW', '7', '27', 25, 13),
(31, 1, 'MF', '8', '30', 25, 13),
(32, 1, 'FW', '9', '25', 26, 14),
(33, 1, 'FW', '10', '35', 27, 15),
(34, 1, 'FW', '11', '25', 28, 13),
(35, 1, 'GK', '12', '34', 29, 13),
(36, 1, 'FW', '13', '20', 30, 14),
(37, 1, 'MF', '14', '22', 31, 7),
(38, 1, 'MF', '15', '20', 32, 13),
(39, 1, 'DF', '16', '17', 33, 13),
(40, 1, 'DF', '17', '24', 25, 13),
(41, 1, 'DF', '18', '23', 34, 9),
(42, 1, 'FW', '19', '21', 25, 13),
(43, 1, 'DF', '20', '27', 30, 14),
(44, 1, 'DF', '21', '24', 35, 13),
(45, 1, 'DF', '22', '35', 25, 13),
(46, 1, 'GK', '23', '33', 36, 16),
(47, 1, 'GK', '1', '29', 37, 4),
(48, 1, 'DF', '2', '35', 38, 2),
(49, 1, 'DF', '3', '34', 39, 3),
(50, 1, 'DF', '4', '29', 40, 17),
(51, 1, 'DF', '5', '23', 41, 5),
(52, 1, 'DF', '6', '33', 42, 19),
(53, 1, 'FW', '7', '32', 39, 3),
(54, 1, 'MF', '8', '30', 43, 12),
(55, 1, 'FW', '9', '21', 7, 4),
(56, 1, 'MF', '10', '22', 43, 12),
(57, 1, 'DF', '11', '23', 9, 4),
(58, 1, 'GK', '12', '24', 7, 4),
(59, 1, 'MF', '13', '25', 7, 4),
(60, 1, 'MF', '14', '25', 37, 4),
(61, 1, 'MF', '15', '23', 44, 3),
(62, 1, 'MF', '16', '27', 9, 4),
(63, 1, 'FW', '17', '30', 45, 3),
(64, 1, 'FW', '18', '22', 37, 4),
(65, 1, 'DF', '19', '33', 9, 4),
(66, 1, 'FW', '20', '33', 46, 18),
(67, 1, 'DF', '21', '25', 47, 19),
(68, 1, 'GK', '22', '35', 37, 4),
(69, 1, 'MF', '23', '28', 37, 4),
(70, 1, 'GK', '1', '31', 48, 17),
(71, 1, 'DF', '2', '28', 40, 17),
(72, 1, 'DF', '3', '30', 49, 17),
(73, 1, 'MF', '4', '27', 49, 17),
(74, 1, 'DF', '5', '28', 48, 17),
(75, 1, 'DF', '6', '23', 50, 17),
(76, 1, 'FW', '7', '25', 51, 17),
(77, 1, 'MF', '8', '30', 50, 17),
(78, 1, 'FW', '9', '27', 49, 17),
(79, 1, 'MF', '10', '27', 52, 17),
(80, 1, 'FW', '11', '32', 52, 17),
(81, 1, 'GK', '12', '33', 53, 17),
(82, 1, 'DF', '13', '30', 52, 17),
(83, 1, 'DF', '14', '23', 50, 17),
(84, 1, 'MF', '15', '21', 54, 17),
(85, 1, 'GK', '16', '31', 54, 17),
(86, 1, 'MF', '17', '21', 48, 17),
(87, 1, 'MF', '18', '33', 40, 17),
(88, 1, 'MF', '19', '32', 50, 17),
(89, 1, 'FW', '20', '25', 51, 17),
(90, 1, 'MF', '21', '27', 52, 17),
(91, 1, 'MF', '22', '30', 54, 17),
(92, 1, 'DF', '23', '30', 50, 17),
(93, 1, 'GK', '1', '25', 55, 20),
(94, 1, 'DF', '2', '23', 56, 21),
(95, 1, 'DF', '3', '20', 57, 22),
(96, 1, 'FW', '4', '37', 66, 13),
(97, 1, 'MF', '5', '31', 58, 23),
(98, 1, 'DF', '6', '25', 59, 13),
(99, 1, 'FW', '7', '26', 60, 5),
(100, 1, 'DF', '8', '24', 61, 14),
(101, 1, 'FW', '9', '25', 62, 24),
(102, 1, 'FW', '10', '28', 63, 25),
(103, 1, 'FW', '11', '23', 33, 13),
(104, 1, 'GK', '12', '28', 64, 5),
(105, 1, 'MF', '13', '26', 65, 14),
(106, 1, 'FW', '14', '28', 28, 13),
(107, 1, 'MF', '15', '25', 67, 26),
(108, 1, 'DF', '16', '26', 68, 18),
(109, 1, 'MF', '17', '20', 69, 7),
(110, 1, 'GK', '18', '32', 70, 13),
(111, 1, 'DF', '19', '27', 71, 25),
(112, 1, 'DF', '20', '25', 72, 2),
(113, 1, 'MF', '21', '24', 73, 19),
(114, 1, 'MF', '22', '24', 74, 14),
(115, 1, 'FW', '23', '24', 75, 27),
(116, 1, 'GK', '1', '21', 76, 31),
(117, 1, 'DF', '2', '29', 77, 32),
(118, 1, 'MF', '3', '21', 24, 12),
(119, 1, 'DF', '4', '26', 78, 12),
(120, 1, 'DF', '5', '26', 79, 34),
(121, 1, 'DF', '6', '25', 80, 6),
(122, 1, 'FW', '7', '22', 81, 26),
(123, 1, 'FW', '8', '28', 82, 33),
(124, 1, 'FW', '9', '25', 83, 35),
(125, 1, 'FW', '10', '25', 46, 18),
(126, 1, 'FW', '11', '27', 84, 10),
(127, 1, 'DF', '12', '22', 85, 10),
(128, 1, 'FW', '13', '21', 86, 25),
(129, 1, 'MF', '14', '28', 87, 12),
(130, 1, 'MF', '15', '30', 88, 20),
(131, 1, 'GK', '16', '21', 89, 7),
(132, 1, 'MF', '17', '28', 90, 27),
(133, 1, 'FW', '18', '23', 91, 32),
(134, 1, 'DF', '19', '24', 92, 20),
(135, 1, 'FW', '20', '24', 93, 12),
(136, 1, 'DF', '21', '26', 94, 31),
(137, 1, 'DF', '22', '25', 95, 36),
(138, 1, 'GK', '23', '27', 96, 37),
(139, 1, 'GK', '1', '34', 97, 19),
(140, 1, 'DF', '2', '28', 98, 28),
(141, 1, 'DF', '3', '24', 99, 1),
(142, 1, 'DF', '4', '29', 38, 2),
(143, 1, 'MF', '5', '31', 99, 1),
(144, 1, 'MF', '6', '32', 100, 30),
(145, 1, 'FW', '7', '28', 101, 19),
(146, 1, 'MF', '8', '30', 102, 5),
(147, 1, 'FW', '9', '24', 103, 30),
(148, 1, 'MF', '10', '30', 104, 3),
(149, 1, 'FW', '11', '27', 16, 1),
(150, 1, 'GK', '12', '29', 100, 30),
(151, 1, 'DF', '13', '22', 105, 29),
(152, 1, 'MF', '14', '26', 106, 28),
(153, 1, 'DF', '15', '33', 107, 30),
(154, 1, 'FW', '16', '22', 99, 1),
(155, 1, 'DF', '17', '29', 72, 2),
(156, 1, 'DF', '18', '31', 107, 30),
(157, 1, 'FW', '19', '26', 108, 30),
(158, 1, 'MF', '20', '28', 14, 5),
(159, 1, 'MF', '21', '30', 104, 3),
(160, 1, 'FW', '22', '31', 109, 1),
(161, 1, 'GK', '23', '36', 107, 30),
(162, 1, 'GK', '1', '26', 110, 12),
(163, 1, 'DF', '2', '25', 101, 19),
(164, 1, 'DF', '3', '27', 111, 5),
(165, 1, 'DF', '4', '23', 41, 5),
(166, 1, 'DF', '5', '25', 112, 5),
(167, 1, 'DF', '6', '20', 14, 5),
(168, 1, 'MF', '7', '23', 110, 12),
(169, 1, 'MF', '8', '22', 113, 5),
(170, 1, 'FW', '9', '29', 114, 5),
(171, 1, 'MF', '10', '23', 114, 5),
(172, 1, 'FW', '11', '21', 115, 5),
(173, 1, 'GK', '12', '25', 14, 5),
(174, 1, 'MF', '13', '28', 116, 5),
(175, 1, 'MF', '14', '23', 117, 19),
(176, 1, 'MF', '15', '23', 89, 7),
(177, 1, 'DF', '16', '24', 118, 2),
(178, 1, 'DF', '17', '21', 114, 5),
(179, 1, 'DF', '18', '22', 102, 5),
(180, 1, 'MF', '19', '20', 97, 19),
(181, 1, 'MF', '20', '21', 14, 5),
(182, 1, 'MF', '21', '27', 114, 5),
(183, 1, 'GK', '22', '25', 44, 3),
(184, 1, 'MF', '23', '25', 115, 5),
(185, 2, 'GK', '1', '29', 119, 19),
(186, 2, 'DF', '2', '32', 120, 12),
(187, 2, 'DF', '3', '35', 121, 2),
(188, 2, 'DF', '4', '30', 122, 3),
(189, 2, 'MF', '5', '25', 123, 19),
(190, 2, 'MF', '6', '30', 124, 19),
(191, 2, 'FW', '7', '25', 125, 3),
(192, 2, 'MF', '8', '29', 42, 19),
(193, 2, 'FW', '9', '29', 101, 19),
(194, 2, 'FW', '10', '30', 16, 1),
(195, 2, 'FW', '11', '20', 126, 19),
(196, 2, 'MF', '12', '26', 126, 19),
(197, 2, 'DF', '13', '25', 97, 19),
(198, 2, 'MF', '14', '29', 110, 12),
(199, 2, 'MF', '15', '23', 121, 2),
(200, 2, 'GK', '16', '31', 24, 12),
(201, 2, 'DF', '17', '22', 118, 2),
(202, 2, 'MF', '18', '26', 127, 19),
(203, 2, 'DF', '19', '33', 97, 19),
(204, 2, 'FW', '20', '19', 102, 5),
(205, 2, 'DF', '21', '30', 101, 19),
(206, 2, 'DF', '22', '22', 120, 12),
(207, 2, 'GK', '23', '28', 128, 12),
(208, 2, 'GK', '1', '29', 129, 19),
(209, 2, 'DF', '2', '26', 130, 41),
(210, 2, 'DF', '3', '35', 131, 3),
(211, 2, 'DF', '4', '31', 132, 45),
(212, 2, 'MF', '5', '33', 133, 49),
(213, 2, 'DF', '6', '26', 134, 2),
(214, 2, 'MF', '7', '27', 135, 43),
(215, 2, 'MF', '8', '31', 135, 43),
(216, 2, 'FW', '9', '25', 136, 43),
(217, 2, 'MF', '10', '23', 135, 43),
(218, 2, 'MF', '11', '26', 137, 18),
(219, 2, 'GK', '12', '30', 3, 2),
(220, 2, 'FW', '13', '29', 132, 45),
(221, 2, 'FW', '14', '23', 138, 31),
(222, 2, 'DF', '15', '27', 136, 43),
(223, 2, 'DF', '16', '22', 139, 43),
(224, 2, 'MF', '17', '36', 140, 48),
(225, 2, 'MF', '18', '30', 132, 45),
(226, 2, 'FW', '19', '28', 141, 18),
(227, 2, 'MF', '20', '27', 135, 43),
(228, 2, 'DF', '21', '29', 142, 50),
(229, 2, 'DF', '22', '32', 143, 43),
(230, 2, 'GK', '23', '27', 136, 43),
(231, 2, 'GK', '1', '27', 144, 2),
(232, 2, 'DF', '2', '30', 22, 10),
(233, 2, 'MF', '3', '26', 145, 12),
(234, 2, 'DF', '4', '22', 134, 2),
(235, 2, 'DF', '5', '32', 145, 12),
(236, 2, 'DF', '6', '23', 146, 24),
(237, 2, 'DF', '7', '33', 147, 46),
(238, 2, 'MF', '8', '29', 148, 54),
(239, 2, 'MF', '9', '29', 149, 54),
(240, 2, 'FW', '10', '25', 150, 24),
(241, 2, 'FW', '11', '27', 151, 6),
(242, 2, 'GK', '12', '38', 152, 47),
(243, 2, 'MF', '13', '32', 153, 24),
(244, 2, 'MF', '14', '25', 154, 24),
(245, 2, 'DF', '15', '30', 111, 5),
(246, 2, 'FW', '16', '25', 155, 18),
(247, 2, 'DF', '17', '22', 154, 24),
(248, 2, 'DF', '18', '22', 156, 2),
(249, 2, 'FW', '19', '25', 157, 41),
(250, 2, 'MF', '20', '22', 158, 10),
(251, 2, 'MF', '21', '25', 157, 41),
(252, 2, 'MF', '22', '26', 159, 35),
(253, 2, 'GK', '23', '28', 160, 47),
(254, 2, 'GK', '1', '27', 116, 5),
(255, 2, 'DF', '2', '32', 121, 2),
(256, 2, 'DF', '3', '25', 161, 12),
(257, 2, 'DF', '4', '19', 116, 5),
(258, 2, 'DF', '5', '33', 162, 24),
(259, 2, 'DF', '6', '25', 154, 24),
(260, 2, 'FW', '7', '19', 154, 24),
(261, 2, 'MF', '8', '27', 163, 5),
(262, 2, 'FW', '9', '24', 8, 5),
(263, 2, 'MF', '10', '23', 116, 5),
(264, 2, 'MF', '11', '31', 129, 19),
(265, 2, 'GK', '12', '28', 164, 5),
(266, 2, 'DF', '13', '23', 165, 5),
(267, 2, 'MF', '14', '19', 162, 24),
(268, 2, 'MF', '15', '30', 166, 2),
(269, 2, 'MF', '16', '29', 128, 12),
(270, 2, 'FW', '17', '21', 167, 24),
(271, 2, 'FW', '18', '25', 14, 5),
(272, 2, 'FW', '19', '27', 168, 18),
(273, 2, 'DF', '20', '29', 169, 5),
(274, 2, 'GK', '21', '25', 41, 5),
(275, 2, 'DF', '22', '24', 114, 5),
(276, 2, 'MF', '23', '24', 170, 19),
(277, 2, 'GK', '1', '29', 97, 19),
(278, 2, 'DF', '2', '26', 119, 19),
(279, 2, 'DF', '3', '25', 119, 19),
(280, 2, 'MF', '4', '30', 117, 19),
(281, 2, 'DF', '5', '30', 171, 19),
(282, 2, 'DF', '6', '26', 126, 19),
(283, 2, 'MF', '7', '21', 97, 19),
(284, 2, 'MF', '8', '28', 117, 19),
(285, 2, 'FW', '9', '22', 119, 19),
(286, 2, 'FW', '10', '30', 126, 19),
(287, 2, 'FW', '11', '29', 123, 19),
(288, 2, 'DF', '12', '25', 117, 19),
(289, 2, 'GK', '13', '28', 47, 19),
(290, 2, 'MF', '14', '25', 117, 19),
(291, 2, 'FW', '15', '26', 117, 19),
(292, 2, 'DF', '16', '22', 173, 19),
(293, 2, 'MF', '17', '22', 119, 19),
(294, 2, 'MF', '18', '24', 101, 19),
(295, 2, 'MF', '19', '22', 173, 19),
(296, 2, 'MF', '20', '20', 119, 19),
(297, 2, 'DF', '21', '26', 47, 19),
(298, 2, 'FW', '22', '18', 126, 19),
(299, 2, 'GK', '23', '30', 174, 14),
(70, 2, 'GK', '1', '30', 48, 17),
(86, 2, 'DF', '2', '29', 54, 17),
(87, 2, 'DF', '3', '27', 40, 17),
(300, 2, 'DF', '4', '36', 48, 17),
(301, 2, 'DF', '5', '28', 113, 5),
(302, 2, 'DF', '6', '33', 48, 17),
(303, 2, 'MF', '7', '26', 40, 17),
(75, 2, 'MF', '8', '29', 50, 17),
(304, 2, 'FW', '9', '25', 40, 17),
(88, 2, 'FW', '10', '26', 49, 17),
(305, 2, 'MF', '11', '27', 49, 17),
(306, 2, 'GK', '12', '26', 40, 17),
(76, 2, 'MF', '13', '20', 48, 17),
(307, 2, 'DF', '14', '33', 48, 17),
(308, 2, 'MF', '15', '34', 48, 17),
(77, 2, 'GK', '16', '30', 54, 17),
(309, 2, 'MF', '17', '25', 40, 17),
(310, 2, 'MF', '18', '29', 175, 17),
(85, 2, 'MF', '19', '31', 54, 17),
(311, 2, 'MF', '20', '32', 49, 17),
(312, 2, 'DF', '21', '25', 48, 17),
(313, 2, 'FW', '22', '27', 40, 17),
(80, 2, 'DF', '23', '29', 50, 17),
(314, 2, 'GK', '1', '29', 124, 19),
(315, 2, 'DF', '2', '26', 176, 14),
(316, 2, 'DF', '3', '27', 177, 19),
(317, 2, 'DF', '4', '23', 119, 19),
(318, 2, 'DF', '5', '27', 178, 19),
(319, 2, 'DF', '6', '31', 177, 19),
(320, 2, 'MF', '7', '26', 117, 19),
(321, 2, 'MF', '8', '27', 123, 19),
(322, 2, 'FW', '9', '27', 176, 14),
(323, 2, 'MF', '10', '25', 101, 19),
(324, 2, 'FW', '11', '26', 39, 3),
(325, 2, 'GK', '12', '29', 179, 27),
(326, 2, 'FW', '13', '20', 180, 52),
(327, 2, 'MF', '14', '30', 181, 14),
(328, 2, 'DF', '15', '25', 182, 14),
(329, 2, 'MF', '16', '29', 124, 19),
(330, 2, 'FW', '17', '28', 183, 14),
(331, 2, 'FW', '18', '26', 174, 14),
(332, 2, 'DF', '19', '32', 42, 19),
(333, 2, 'MF', '20', '22', 184, 14),
(334, 2, 'GK', '21', '22', 117, 19),
(335, 2, 'MF', '22', '33', 185, 14),
(336, 2, 'FW', '23', '27', 186, 27),
(337, 2, 'GK', '1', '33', 187, 32),
(338, 2, 'DF', '2', '29', 112, 5),
(339, 2, 'DF', '3', '31', 117, 19),
(340, 2, 'DF', '4', '34', 54, 17),
(341, 2, 'DF', '5', '23', 118, 2),
(342, 2, 'MF', '6', '25', 189, 34),
(343, 2, 'MF', '7', '26', 190, 50),
(344, 2, 'MF', '8', '21', 191, 39),
(345, 2, 'FW', '9', '33', 192, 40),
(346, 2, 'MF', '10', '26', 68, 18),
(347, 2, 'FW', '11', '30', 194, 7),
(348, 2, 'GK', '12', '32', 195, 26),
(349, 2, 'MF', '13', '24', 196, 34),
(350, 2, 'DF', '14', '21', 197, 2),
(351, 2, 'DF', '15', '30', 198, 17),
(352, 2, 'DF', '16', '31', 187, 32),
(353, 2, 'MF', '17', '28', 134, 2),
(354, 2, 'DF', '18', '30', 111, 5),
(355, 2, 'MF', '19', '29', 199, 2),
(356, 2, 'MF', '20', '25', 158, 10),
(357, 2, 'FW', '21', '28', 196, 34),
(358, 2, 'MF', '22', '33', 77, 32),
(359, 2, 'GK', '23', '32', 196, 34),
(360, 2, 'GK', '1', '30', 102, 5),
(163, 2, 'DF', '2', '24', 45, 3),
(164, 2, 'DF', '3', '26', 111, 5),
(361, 2, 'DF', '4', '28', 113, 5),
(362, 2, 'DF', '5', '27', 41, 5),
(363, 2, 'MF', '6', '29', 121, 2),
(364, 2, 'MF', '7', '31', 126, 19),
(365, 2, 'MF', '8', '27', 101, 19),
(366, 2, 'MF', '9', '25', 165, 5),
(367, 2, 'FW', '10', '31', 200, 18),
(168, 2, 'MF', '11', '22', 165, 5),
(173, 2, 'GK', '12', '24', 14, 5),
(368, 2, 'FW', '13', '26', 102, 5),
(175, 2, 'MF', '14', '22', 117, 19),
(369, 2, 'MF', '15', '20', 41, 5),
(370, 2, 'DF', '16', '20', 14, 5),
(371, 2, 'DF', '17', '27', 102, 5),
(372, 2, 'MF', '18', '26', 39, 3),
(373, 2, 'MF', '19', '24', 102, 5),
(180, 2, 'MF', '20', '20', 113, 5),
(179, 2, 'DF', '21', '21', 102, 5),
(183, 2, 'GK', '22', '24', 44, 3),
(374, 2, 'FW', '23', '30', 46, 18),
(375, 2, 'GK', '1', '28', 46, 18),
(376, 2, 'DF', '2', '25', 201, 17),
(377, 2, 'DF', '3', '28', 202, 38),
(378, 2, 'MF', '4', '37', 203, 51),
(379, 2, 'DF', '5', '33', 204, 38),
(380, 2, 'MF', '6', '26', 204, 38),
(381, 2, 'MF', '7', '26', 202, 38),
(382, 2, 'FW', '8', '26', 205, 38),
(383, 2, 'MF', '9', '20', 204, 38),
(384, 2, 'MF', '10', '26', 122, 3),
(385, 2, 'FW', '11', '30', 49, 17),
(386, 2, 'GK', '12', '31', 204, 38),
(387, 2, 'DF', '13', '37', 204, 38),
(388, 2, 'MF', '14', '34', 205, 38),
(389, 2, 'FW', '15', '24', 207, 38),
(390, 2, 'MF', '16', '25', 202, 38),
(391, 2, 'DF', '17', '31', 205, 38),
(392, 2, 'MF', '18', '26', 202, 38),
(393, 2, 'MF', '19', '26', 202, 38),
(394, 2, 'DF', '20', '26', 204, 38),
(395, 2, 'MF', '21', '19', 208, 17),
(396, 2, 'MF', '22', '24', 207, 38),
(397, 2, 'GK', '23', '23', 207, 38),
(398, 2, 'GK', '1', '26', 118, 2),
(399, 2, 'DF', '2', '28', 191, 39),
(400, 2, 'DF', '3', '28', 191, 39),
(401, 2, 'DF', '4', '30', 209, 2),
(402, 2, 'MF', '5', '29', 210, 39),
(403, 2, 'MF', '6', '30', 191, 39),
(404, 2, 'FW', '7', '22', 89, 7),
(405, 2, 'MF', '8', '21', 211, 39),
(406, 2, 'FW', '9', '27', 102, 5),
(407, 2, 'MF', '10', '26', 122, 3),
(408, 2, 'MF', '11', '28', 128, 12),
(409, 2, 'GK', '12', '36', 212, 19),
(410, 2, 'FW', '13', '21', 213, 39),
(411, 2, 'DF', '14', '32', 214, 39),
(412, 2, 'DF', '15', '28', 215, 2),
(413, 2, 'MF', '16', '30', 3, 2),
(414, 2, 'MF', '17', '31', 214, 39),
(415, 2, 'DF', '18', '25', 38, 2),
(416, 2, 'MF', '19', '22', 216, 2),
(417, 2, 'DF', '20', '31', 41, 5),
(418, 2, 'MF', '21', '19', 217, 39),
(419, 2, 'GK', '22', '31', 177, 19),
(420, 2, 'MF', '23', '25', 218, 39),
(421, 2, 'GK', '1', '31', 219, 27),
(422, 2, 'DF', '2', '24', 220, 52),
(423, 2, 'MF', '3', '24', 221, 52),
(424, 2, 'DF', '4', '36', 178, 19),
(425, 2, 'DF', '5', '28', 178, 19),
(426, 2, 'DF', '6', '34', 182, 14),
(427, 2, 'MF', '7', '28', 186, 27),
(428, 2, 'MF', '8', '31', 47, 19),
(429, 2, 'FW', '9', '24', 222, 52),
(430, 2, 'FW', '10', '28', 183, 14),
(431, 2, 'FW', '11', '24', 73, 14),
(432, 2, 'GK', '12', '38', 223, 53),
(433, 2, 'MF', '13', '25', 224, 14),
(434, 2, 'MF', '14', '25', 26, 14),
(435, 2, 'DF', '15', '22', 225, 52),
(436, 2, 'MF', '16', '25', 176, 14),
(437, 2, 'DF', '17', '21', 126, 19),
(438, 2, 'DF', '18', '36', 66, 13),
(439, 2, 'MF', '19', '30', 185, 14),
(440, 2, 'DF', '20', '27', 129, 19),
(441, 2, 'FW', '21', '26', 226, 27),
(442, 2, 'DF', '22', '24', 184, 14),
(443, 2, 'GK', '23', '34', 227, 27),
(444, 2, 'GK', '1', '35', 7, 4),
(445, 2, 'DF', '2', '26', 171, 19),
(446, 2, 'DF', '3', '29', 44, 3),
(447, 2, 'DF', '4', '25', 44, 3),
(448, 2, 'MF', '5', '27', 44, 3),
(449, 2, 'MF', '6', '32', 44, 3),
(450, 2, 'FW', '7', '23', 121, 2),
(451, 2, 'MF', '8', '24', 125, 3),
(452, 2, 'FW', '9', '24', 39, 3),
(453, 2, 'MF', '10', '29', 171, 19),
(454, 2, 'FW', '11', '28', 171, 19),
(455, 2, 'DF', '12', '21', 101, 19),
(456, 2, 'GK', '13', '25', 126, 19),
(457, 2, 'MF', '14', '25', 102, 5),
(458, 2, 'DF', '15', '30', 39, 3),
(459, 2, 'DF', '16', '31', 125, 3),
(460, 2, 'DF', '17', '27', 228, 3),
(461, 2, 'DF', '18', '27', 44, 3),
(462, 2, 'MF', '19', '31', 6, 3),
(463, 2, 'FW', '20', '35', 228, 3),
(464, 2, 'MF', '21', '30', 97, 19),
(465, 2, 'FW', '22', '29', 104, 3),
(466, 2, 'GK', '23', '22', 122, 3),
(467, 2, 'GK', '1', '34', 101, 19),
(468, 2, 'DF', '2', '24', 114, 5),
(469, 2, 'DF', '3', '31', 229, 18),
(470, 2, 'DF', '4', '29', 230, 5),
(471, 2, 'DF', '5', '32', 196, 34),
(472, 2, 'DF', '6', '32', 68, 18),
(473, 2, 'FW', '7', '26', 68, 18),
(474, 2, 'DF', '8', '32', 196, 34),
(475, 2, 'MF', '9', '27', 231, 34),
(476, 2, 'MF', '10', '35', 101, 19),
(477, 2, 'MF', '11', '30', 232, 14),
(478, 2, 'FW', '12', '30', 79, 34),
(479, 2, 'MF', '13', '34', 233, 12),
(480, 2, 'MF', '14', '30', 196, 34),
(481, 2, 'MF', '15', '25', 168, 18),
(482, 2, 'GK', '16', '27', 154, 24),
(483, 2, 'DF', '17', '28', 154, 24),
(484, 2, 'MF', '18', '26', 231, 34),
(485, 2, 'MF', '19', '23', 231, 34),
(486, 2, 'MF', '20', '24', 234, 14),
(487, 2, 'FW', '21', '34', 231, 34),
(488, 2, 'MF', '22', '25', 112, 5),
(489, 2, 'GK', '23', '23', 235, 34),
(490, 2, 'GK', '1', '27', 155, 18),
(491, 2, 'DF', '2', '25', 200, 18),
(492, 2, 'DF', '3', '33', 200, 18),
(493, 2, 'DF', '4', '21', 141, 18),
(494, 2, 'MF', '5', '27', 41, 5),
(495, 2, 'MF', '6', '22', 14, 5),
(496, 2, 'DF', '7', '31', 229, 18),
(497, 2, 'MF', '8', '31', 200, 18),
(498, 2, 'FW', '9', '25', 46, 18),
(499, 2, 'MF', '10', '29', 44, 3),
(500, 2, 'MF', '11', '29', 46, 18),
(501, 2, 'GK', '12', '28', 236, 18),
(502, 2, 'DF', '13', '26', 46, 18),
(503, 2, 'MF', '14', '23', 46, 18),
(504, 2, 'MF', '15', '30', 229, 18),
(505, 2, 'MF', '16', '21', 229, 18),
(506, 2, 'FW', '17', '30', 237, 25),
(507, 2, 'MF', '18', '27', 229, 18),
(508, 2, 'MF', '19', '24', 163, 5),
(509, 2, 'MF', '20', '28', 229, 18),
(510, 2, 'FW', '21', '18', 238, 44),
(511, 2, 'DF', '22', '26', 229, 18),
(512, 2, 'GK', '23', '26', 68, 18),
(513, 2, 'GK', '1', '29', 157, 41),
(514, 2, 'DF', '2', '24', 239, 2),
(515, 2, 'DF', '3', '28', 134, 2),
(516, 2, 'MF', '4', '27', 72, 2),
(517, 2, 'DF', '5', '30', 54, 17),
(518, 2, 'DF', '6', '20', 14, 5),
(519, 2, 'MF', '7', '28', 44, 3),
(520, 2, 'MF', '8', '22', 39, 3),
(521, 2, 'FW', '9', '24', 114, 5),
(522, 2, 'MF', '10', '30', 39, 3),
(523, 2, 'DF', '11', '34', 204, 38),
(524, 2, 'GK', '12', '26', 240, 41),
(525, 2, 'DF', '13', '31', 130, 41),
(526, 2, 'MF', '14', '23', 72, 2),
(527, 2, 'MF', '15', '20', 130, 41),
(528, 2, 'FW', '16', '28', 3, 2),
(529, 2, 'FW', '17', '30', 121, 2),
(530, 2, 'MF', '18', '19', 130, 41),
(531, 2, 'MF', '19', '27', 3, 2),
(532, 2, 'FW', '20', '21', 130, 41),
(533, 2, 'DF', '21', '27', 202, 38),
(534, 2, 'FW', '22', '26', 241, 3),
(535, 2, 'GK', '23', '31', 43, 12),
(536, 2, 'GK', '1', '24', 171, 19),
(537, 2, 'DF', '2', '27', 119, 19),
(538, 2, 'DF', '3', '30', 44, 3),
(539, 2, 'MF', '4', '28', 118, 2),
(540, 2, 'DF', '5', '29', 119, 19),
(541, 2, 'MF', '6', '27', 40, 17),
(542, 2, 'FW', '7', '24', 97, 19),
(543, 2, 'MF', '8', '28', 126, 19),
(544, 2, 'FW', '9', '23', 173, 19),
(545, 2, 'FW', '10', '25', 171, 19),
(546, 2, 'FW', '11', '22', 125, 3),
(547, 2, 'GK', '12', '28', 117, 19),
(548, 2, 'GK', '13', '37', 242, 20),
(549, 2, 'FW', '14', '29', 134, 2),
(550, 2, 'DF', '15', '20', 200, 18),
(551, 2, 'DF', '16', '24', 243, 20),
(552, 2, 'FW', '17', '21', 117, 19),
(553, 2, 'DF', '18', '25', 55, 20),
(554, 2, 'MF', '19', '28', 119, 19),
(555, 2, 'FW', '20', '25', 117, 19),
(556, 2, 'DF', '21', '21', 88, 20),
(557, 2, 'FW', '22', '22', 24, 12),
(558, 2, 'DF', '23', '30', 80, 6),
(559, 2, 'GK', '1', '38', 121, 2),
(560, 2, 'DF', '2', '23', 199, 2),
(561, 2, 'DF', '3', '31', 121, 2),
(562, 2, 'DF', '4', '26', 126, 19),
(563, 2, 'DF', '5', '28', 42, 19),
(564, 2, 'MF', '6', '29', 144, 2),
(565, 2, 'FW', '7', '24', 121, 2),
(566, 2, 'MF', '8', '25', 118, 2),
(567, 2, 'FW', '9', '30', 47, 19),
(568, 2, 'MF', '10', '33', 110, 12),
(569, 2, 'FW', '11', '26', 215, 2),
(570, 2, 'GK', '12', '29', 110, 12),
(571, 2, 'GK', '13', '33', 144, 2),
(572, 2, 'MF', '14', '23', 121, 2),
(573, 2, 'DF', '15', '35', 121, 2),
(574, 2, 'MF', '16', '32', 118, 2),
(575, 2, 'FW', '17', '29', 72, 2),
(576, 2, 'MF', '18', '31', 144, 2),
(577, 2, 'DF', '19', '29', 121, 2),
(578, 2, 'FW', '20', '25', 134, 2),
(579, 2, 'MF', '21', '22', 3, 2),
(580, 2, 'MF', '22', '23', 118, 2),
(581, 2, 'MF', '23', '31', 244, 2),
(582, 2, 'GK', '1', '31', 232, 14),
(583, 2, 'DF', '2', '27', 173, 19),
(584, 2, 'DF', '3', '26', 245, 19),
(585, 2, 'DF', '4', '35', 20, 19),
(586, 2, 'DF', '5', '29', 246, 14),
(587, 2, 'MF', '6', '32', 170, 19),
(588, 2, 'MF', '7', '30', 232, 14),
(589, 2, 'MF', '8', '25', 173, 19),
(590, 2, 'FW', '9', '29', 47, 19),
(591, 2, 'FW', '10', '35', 10, 6),
(592, 2, 'MF', '11', '27', 178, 19),
(593, 2, 'DF', '12', '24', 224, 14),
(594, 2, 'MF', '13', '24', 246, 14),
(595, 2, 'FW', '14', '32', 170, 19),
(596, 2, 'DF', '15', '23', 246, 14),
(597, 2, 'GK', '16', '40', 170, 19),
(598, 2, 'DF', '17', '30', 174, 14),
(599, 2, 'MF', '18', '27', 247, 14),
(600, 2, 'MF', '19', '24', 248, 19),
(601, 2, 'MF', '20', '34', 248, 19),
(602, 2, 'FW', '21', '33', 30, 14),
(603, 2, 'MF', '22', '30', 176, 14),
(604, 2, 'GK', '23', '29', 42, 19),
(605, 2, 'GK', '1', '34', 168, 18),
(606, 2, 'DF', '2', '29', 75, 27),
(607, 2, 'DF', '3', '27', 249, 44),
(608, 2, 'DF', '4', '31', 49, 17),
(609, 2, 'DF', '5', '28', 248, 19),
(610, 2, 'MF', '6', '24', 115, 5),
(611, 2, 'MF', '7', '31', 20, 19),
(612, 2, 'MF', '8', '26', 169, 5),
(613, 2, 'MF', '9', '33', 167, 24),
(614, 2, 'FW', '10', '34', 110, 12),
(615, 2, 'FW', '11', '29', 84, 10),
(616, 2, 'GK', '12', '26', 249, 44),
(617, 2, 'DF', '13', '25', 215, 2),
(618, 2, 'DF', '14', '21', 9, 4),
(619, 2, 'MF', '15', '23', 209, 2),
(620, 2, 'MF', '16', '29', 48, 17),
(621, 2, 'DF', '17', '22', 249, 44),
(622, 2, 'MF', '18', '23', 251, 42),
(623, 2, 'FW', '19', '27', 252, 42),
(624, 2, 'FW', '20', '24', 104, 3),
(625, 2, 'MF', '21', '27', 253, 10),
(626, 2, 'MF', '22', '30', 236, 18),
(627, 2, 'GK', '23', '24', 254, 42),
(47, 2, 'GK', '1', '28', 37, 4),
(48, 2, 'DF', '2', '34', 229, 18),
(49, 2, 'DF', '3', '33', 39, 3),
(52, 2, 'DF', '4', '32', 47, 19),
(51, 2, 'DF', '5', '22', 82, 12),
(628, 2, 'DF', '6', '38', 43, 12),
(53, 2, 'FW', '7', '31', 39, 3),
(54, 2, 'MF', '8', '29', 43, 12),
(629, 2, 'FW', '9', '28', 256, 12),
(630, 2, 'MF', '10', '23', 37, 4),
(631, 2, 'MF', '11', '30', 165, 5),
(632, 2, 'GK', '12', '25', 120, 12),
(59, 2, 'MF', '13', '24', 7, 4),
(60, 2, 'MF', '14', '24', 37, 4),
(61, 2, 'MF', '15', '22', 45, 3),
(634, 2, 'MF', '16', '18', 9, 4),
(63, 2, 'FW', '17', '29', 229, 18),
(635, 2, 'MF', '18', '23', 257, 4),
(65, 2, 'DF', '19', '32', 9, 4),
(66, 2, 'FW', '20', '32', 46, 18),
(67, 2, 'DF', '21', '24', 47, 19),
(636, 2, 'GK', '22', '33', 130, 41),
(69, 2, 'MF', '23', '27', 37, 4),
(637, 2, 'GK', '1', '32', 258, 22),
(638, 2, 'DF', '2', '31', 259, 42),
(639, 2, 'DF', '3', '24', 254, 42),
(640, 2, 'DF', '4', '21', 260, 42),
(641, 2, 'DF', '5', '22', 261, 20),
(642, 2, 'DF', '6', '29', 49, 17),
(643, 2, 'MF', '7', '25', 262, 14),
(644, 2, 'MF', '8', '28', 154, 24),
(645, 2, 'FW', '9', '26', 145, 12),
(646, 2, 'MF', '10', '26', 177, 19),
(647, 2, 'FW', '11', '27', 164, 5),
(648, 2, 'GK', '12', '26', 259, 42),
(649, 2, 'GK', '13', '26', 263, 37),
(650, 2, 'DF', '14', '33', 251, 42),
(651, 2, 'FW', '15', '24', 83, 35),
(652, 2, 'MF', '16', '25', 264, 42),
(653, 2, 'MF', '17', '27', 265, 14),
(654, 2, 'MF', '18', '29', 266, 44),
(655, 2, 'DF', '19', '23', 267, 54),
(656, 2, 'MF', '20', '31', 268, 2),
(657, 2, 'MF', '21', '23', 252, 42),
(658, 2, 'FW', '22', '37', 269, 22),
(659, 2, 'DF', '23', '29', 270, 44),
(660, 2, 'GK', '1', '32', 271, 26),
(661, 2, 'MF', '2', '32', 272, 5),
(662, 2, 'DF', '3', '25', 202, 38),
(663, 2, 'DF', '4', '23', 116, 5),
(664, 2, 'DF', '5', '30', 123, 19),
(665, 2, 'MF', '6', '27', 115, 5),
(666, 2, 'FW', '7', '27', 170, 19),
(667, 2, 'MF', '8', '23', 102, 5),
(668, 2, 'FW', '9', '29', 273, 35),
(669, 2, 'MF', '10', '28', 230, 5),
(670, 2, 'MF', '11', '29', 274, 5),
(671, 2, 'GK', '12', '25', 8, 5),
(672, 2, 'DF', '13', '29', 60, 5),
(673, 2, 'MF', '14', '28', 163, 5),
(674, 2, 'DF', '15', '28', 129, 19),
(675, 2, 'DF', '16', '23', 119, 19),
(676, 2, 'DF', '17', '29', 274, 5),
(677, 2, 'MF', '18', '22', 113, 5),
(678, 2, 'FW', '19', '25', 60, 5),
(679, 2, 'MF', '20', '22', 115, 5),
(680, 2, 'FW', '21', '32', 154, 24),
(681, 2, 'MF', '22', '27', 62, 24),
(682, 2, 'GK', '23', '31', 60, 5),
(683, 2, 'GK', '1', '40', 275, 40),
(684, 2, 'DF', '2', '23', 276, 40),
(685, 2, 'DF', '3', '27', 277, 40),
(686, 2, 'DF', '4', '26', 211, 39),
(687, 2, 'DF', '5', '26', 278, 40),
(688, 2, 'MF', '6', '27', 279, 40),
(689, 2, 'FW', '7', '29', 68, 18),
(690, 2, 'MF', '8', '20', 192, 40),
(691, 2, 'FW', '9', '28', 280, 5),
(692, 2, 'FW', '10', '37', 192, 40),
(693, 2, 'FW', '11', '27', 190, 50),
(694, 2, 'GK', '12', '25', 192, 40),
(695, 2, 'FW', '13', '29', 192, 40),
(696, 2, 'MF', '14', '27', 211, 39),
(697, 2, 'MF', '15', '22', 230, 5),
(698, 2, 'DF', '16', '27', 192, 40),
(699, 2, 'FW', '17', '28', 191, 39),
(700, 2, 'MF', '18', '27', 281, 35),
(701, 2, 'FW', '19', '29', 187, 32),
(702, 2, 'DF', '20', '29', 210, 39),
(703, 2, 'DF', '21', '22', 282, 40),
(704, 2, 'GK', '22', '26', 115, 5),
(705, 2, 'DF', '23', '32', 276, 40),
(706, 3, 'GK', '1', '45', 283, 48),
(707, 3, 'DF', '2', '29', 178, 19),
(708, 3, 'DF', '3', '30', 245, 14),
(709, 3, 'MF', '4', '26', 284, 6),
(710, 3, 'MF', '5', '26', 222, 52),
(711, 3, 'DF', '6', '27', 178, 19),
(712, 3, 'DF', '7', '33', 285, 55),
(713, 3, 'MF', '8', '29', 286, 55),
(714, 3, 'FW', '9', '29', 285, 55),
(715, 3, 'FW', '10', '25', 117, 19),
(716, 3, 'FW', '11', '24', 140, 48),
(717, 3, 'DF', '12', '27', 285, 55),
(718, 3, 'DF', '13', '32', 287, 48),
(719, 3, 'FW', '14', '21', 170, 19),
(720, 3, 'DF', '15', '23', 286, 55),
(721, 3, 'GK', '16', '34', 285, 55),
(722, 3, 'MF', '17', '25', 101, 19),
(723, 3, 'FW', '18', '32', 288, 48),
(724, 3, 'MF', '19', '32', 289, 56),
(725, 3, 'DF', '20', '29', 285, 55),
(726, 3, 'MF', '21', '23', 168, 18),
(727, 3, 'FW', '22', '24', 290, 10),
(728, 3, 'GK', '23', '29', 285, 55),
(70, 3, 'GK', '1', '32', 48, 17),
(729, 3, 'DF', '2', '27', 48, 17),
(82, 3, 'DF', '3', '24', 50, 17),
(300, 3, 'DF', '4', '38', 48, 17),
(730, 3, 'DF', '5', '29', 291, 17),
(731, 3, 'MF', '6', '27', 6, 3),
(732, 3, 'MF', '7', '25', 40, 17),
(74, 3, 'MF', '8', '28', 292, 17),
(733, 3, 'MF', '9', '27', 48, 17),
(88, 3, 'FW', '10', '28', 292, 17),
(734, 3, 'MF', '11', '24', 50, 17),
(735, 3, 'GK', '12', '26', 40, 17),
(81, 3, 'DF', '13', '31', 51, 17),
(736, 3, 'DF', '14', '31', 51, 17),
(83, 3, 'MF', '15', '22', 54, 17),
(737, 3, 'MF', '16', '22', 54, 17),
(76, 3, 'MF', '17', '22', 48, 17),
(92, 3, 'MF', '18', '34', 40, 17),
(85, 3, 'MF', '19', '33', 50, 17),
(73, 3, 'GK', '20', '34', 243, 20),
(91, 3, 'MF', '21', '28', 40, 17),
(313, 3, 'FW', '22', '29', 53, 17),
(87, 3, 'DF', '23', '29', 40, 17),
(738, 3, 'GK', '1', '31', 293, 48),
(739, 3, 'DF', '2', '30', 294, 48),
(740, 3, 'DF', '3', '34', 293, 48),
(741, 3, 'DF', '4', '28', 293, 48),
(742, 3, 'DF', '5', '32', 295, 48),
(743, 3, 'DF', '6', '25', 293, 48),
(744, 3, 'MF', '7', '28', 293, 48),
(745, 3, 'MF', '8', '27', 296, 3),
(746, 3, 'MF', '9', '25', 297, 48),
(747, 3, 'FW', '10', '31', 295, 48),
(748, 3, 'MF', '11', '32', 293, 48),
(749, 3, 'MF', '12', '23', 293, 48),
(750, 3, 'DF', '13', '26', 293, 48),
(751, 3, 'MF', '14', '25', 293, 48),
(752, 3, 'MF', '15', '21', 297, 48),
(753, 3, 'MF', '16', '30', 294, 48),
(754, 3, 'MF', '17', '33', 294, 48),
(755, 3, 'MF', '18', '26', 6, 3),
(756, 3, 'FW', '19', '23', 298, 3),
(757, 3, 'FW', '20', '31', 294, 48),
(758, 3, 'GK', '21', '34', 294, 48),
(759, 3, 'GK', '22', '26', 294, 48),
(760, 3, 'DF', '23', '26', 294, 48),
(761, 3, 'GK', '1', '31', 200, 18),
(762, 3, 'DF', '2', '23', 125, 3),
(763, 3, 'DF', '3', '32', 125, 3),
(764, 3, 'DF', '4', '25', 299, 57),
(765, 3, 'MF', '5', '33', 300, 1),
(766, 3, 'MF', '6', '20', 121, 2),
(767, 3, 'MF', '7', '32', 299, 57),
(768, 3, 'MF', '8', '22', 301, 29),
(769, 3, 'FW', '9', '31', 44, 3),
(770, 3, 'FW', '10', '24', 302, 28),
(771, 3, 'FW', '11', '31', 303, 3),
(772, 3, 'GK', '12', '29', 304, 29),
(773, 3, 'DF', '13', '24', 304, 29),
(774, 3, 'MF', '14', '22', 197, 2),
(775, 3, 'MF', '15', '26', 72, 2),
(776, 3, 'DF', '16', '34', 7, 4),
(777, 3, 'MF', '17', '25', 166, 2),
(778, 3, 'FW', '18', '21', 104, 3),
(779, 3, 'DF', '19', '27', 37, 4),
(780, 3, 'FW', '20', '28', 300, 1),
(781, 3, 'FW', '21', '31', 110, 12),
(782, 3, 'DF', '22', '31', 144, 2),
(783, 3, 'GK', '23', '35', 305, 28),
(784, 3, 'GK', '1', '25', 306, 58),
(785, 3, 'MF', '2', '23', 307, 58),
(786, 3, 'DF', '3', '28', 253, 10),
(787, 3, 'DF', '4', '24', 308, 58),
(788, 3, 'DF', '5', '24', 291, 17),
(789, 3, 'MF', '6', '21', 201, 17),
(790, 3, 'MF', '7', '34', 309, 10),
(791, 3, 'DF', '8', '26', 310, 50),
(792, 3, 'MF', '9', '30', 308, 58),
(793, 3, 'FW', '10', '28', 253, 10),
(794, 3, 'MF', '11', '30', 306, 58),
(795, 3, 'GK', '12', '29', 311, 58),
(796, 3, 'DF', '13', '27', 312, 58),
(797, 3, 'FW', '14', '24', 313, 42),
(798, 3, 'DF', '15', '34', 308, 58),
(799, 3, 'FW', '16', '30', 314, 7),
(800, 3, 'FW', '17', '25', 190, 50),
(801, 3, 'FW', '18', '24', 315, 7),
(802, 3, 'DF', '19', '21', 308, 58),
(803, 3, 'FW', '20', '23', 51, 17),
(804, 3, 'FW', '21', '31', 185, 14),
(805, 3, 'GK', '22', '25', 316, 4),
(806, 3, 'DF', '23', '28', 88, 20),
(807, 3, 'GK', '1', '27', 303, 3),
(808, 3, 'DF', '2', '19', 39, 3),
(809, 3, 'DF', '3', '20', 256, 12),
(810, 3, 'DF', '4', '32', 155, 18),
(811, 3, 'DF', '5', '31', 121, 2),
(812, 3, 'DF', '6', '28', 181, 14),
(813, 3, 'MF', '7', '25', 89, 7),
(814, 3, 'MF', '8', '33', 317, 7),
(815, 3, 'FW', '9', '24', 318, 59),
(816, 3, 'MF', '10', '28', 200, 18),
(817, 3, 'MF', '11', '29', 319, 3),
(818, 3, 'GK', '12', '29', 320, 31),
(819, 3, 'FW', '13', '31', 321, 18),
(820, 3, 'MF', '14', '33', 322, 23),
(821, 3, 'MF', '15', '21', 323, 12),
(822, 3, 'MF', '16', '31', 296, 3),
(823, 3, 'DF', '17', '32', 229, 18),
(824, 3, 'MF', '18', '20', 113, 5),
(825, 3, 'FW', '19', '21', 241, 3),
(826, 3, 'FW', '20', '31', 324, 35),
(827, 3, 'MF', '21', '21', 317, 7),
(828, 3, 'GK', '22', '22', 325, 59),
(829, 3, 'MF', '23', '28', 92, 20),
(47, 3, 'GK', '1', '30', 37, 4),
(48, 3, 'DF', '2', '36', 326, 27),
(49, 3, 'DF', '3', '35', 46, 18),
(830, 3, 'MF', '4', '32', 54, 17),
(51, 3, 'DF', '5', '24', 41, 5),
(52, 3, 'DF', '6', '34', 327, 25),
(53, 3, 'FW', '7', '33', 39, 3),
(54, 3, 'MF', '8', '31', 43, 12),
(55, 3, 'FW', '9', '22', 199, 2),
(630, 3, 'MF', '10', '25', 42, 19),
(56, 3, 'MF', '11', '23', 97, 19),
(632, 3, 'GK', '12', '27', 120, 12),
(831, 3, 'DF', '13', '21', 9, 4),
(60, 3, 'MF', '14', '26', 37, 4),
(832, 3, 'DF', '15', '24', 7, 4),
(833, 3, 'MF', '16', '23', 37, 4),
(834, 3, 'FW', '17', '21', 45, 3),
(64, 3, 'FW', '18', '23', 37, 4),
(835, 3, 'DF', '19', '27', 134, 2),
(66, 3, 'FW', '20', '34', 46, 18),
(67, 3, 'DF', '21', '26', 47, 19),
(68, 3, 'GK', '22', '36', 329, 18),
(69, 3, 'MF', '23', '29', 123, 19),
(456, 3, 'GK', '1', '27', 126, 19),
(836, 3, 'DF', '2', '26', 39, 3),
(446, 3, 'DF', '3', '31', 44, 3),
(837, 3, 'DF', '4', '28', 39, 3),
(448, 3, 'MF', '5', '29', 44, 3),
(449, 3, 'MF', '6', '34', 44, 3),
(838, 3, 'MF', '7', '23', 125, 3),
(451, 3, 'MF', '8', '26', 125, 3),
(839, 3, 'FW', '9', '27', 45, 3),
(457, 3, 'MF', '10', '27', 102, 5),
(452, 3, 'FW', '11', '26', 39, 3),
(840, 3, 'DF', '12', '22', 11, 3),
(841, 3, 'GK', '13', '23', 228, 3),
(445, 3, 'DF', '14', '28', 171, 19),
(458, 3, 'DF', '15', '32', 39, 3),
(842, 3, 'DF', '16', '32', 101, 19),
(843, 3, 'FW', '17', '30', 104, 3),
(461, 3, 'DF', '18', '29', 44, 3),
(844, 3, 'FW', '19', '29', 125, 3),
(845, 3, 'MF', '20', '22', 39, 3),
(464, 3, 'FW', '21', '32', 97, 19),
(846, 3, 'MF', '22', '26', 39, 3),
(847, 3, 'GK', '23', '35', 134, 2),
(93, 3, 'GK', '1', '26', 234, 19),
(94, 3, 'DF', '2', '24', 56, 21),
(848, 3, 'DF', '3', '30', 221, 14),
(96, 3, 'FW', '4', '38', 221, 14),
(97, 3, 'DF', '5', '32', 294, 48),
(849, 3, 'DF', '6', '28', 330, 60),
(99, 3, 'FW', '7', '27', 112, 5),
(113, 3, 'MF', '8', '25', 73, 14),
(101, 3, 'FW', '9', '26', 62, 24),
(102, 3, 'FW', '10', '29', 331, 35),
(850, 3, 'FW', '11', '25', 332, 21),
(851, 3, 'GK', '12', '36', 317, 7),
(105, 3, 'MF', '13', '27', 65, 19),
(103, 3, 'FW', '14', '24', 333, 27),
(852, 3, 'MF', '15', '33', 245, 14),
(108, 3, 'DF', '16', '27', 68, 18),
(853, 3, 'FW', '17', '19', 66, 13),
(110, 3, 'GK', '18', '33', 55, 20),
(854, 3, 'DF', '19', '25', 334, 13),
(112, 3, 'DF', '20', '26', 335, 24),
(855, 3, 'FW', '21', '25', 29, 13),
(114, 3, 'MF', '22', '25', 247, 14),
(115, 3, 'MF', '23', '25', 75, 27),
(856, 3, 'GK', '1', '31', 123, 19),
(857, 3, 'MF', '2', '35', 336, 3),
(858, 3, 'DF', '3', '25', 116, 5),
(859, 3, 'DF', '4', '29', 122, 3),
(860, 3, 'DF', '5', '25', 30, 14),
(861, 3, 'DF', '6', '22', 171, 19),
(862, 3, 'MF', '7', '33', 249, 44),
(863, 3, 'MF', '8', '26', 230, 5),
(864, 3, 'FW', '9', '27', 317, 7),
(865, 3, 'MF', '10', '26', 119, 19),
(866, 3, 'FW', '11', '27', 233, 12),
(867, 3, 'FW', '12', '20', 89, 7),
(868, 3, 'DF', '13', '28', 65, 19),
(869, 3, 'DF', '14', '28', 338, 14),
(870, 3, 'FW', '15', '24', 249, 44),
(871, 3, 'GK', '16', '29', 65, 19),
(872, 3, 'DF', '17', '27', 268, 2),
(873, 3, 'MF', '18', '24', 233, 12),
(874, 3, 'MF', '19', '32', 89, 7),
(875, 3, 'FW', '20', '23', 115, 5),
(876, 3, 'FW', '21', '25', 339, 2),
(877, 3, 'GK', '22', '25', 340, 44),
(878, 3, 'FW', '23', '23', 104, 3),
(185, 3, 'GK', '1', '31', 119, 19),
(879, 3, 'DF', '2', '22', 274, 5),
(880, 3, 'DF', '3', '22', 110, 12),
(881, 3, 'DF', '4', '25', 39, 3),
(206, 3, 'DF', '5', '24', 44, 3),
(199, 3, 'MF', '6', '25', 126, 19),
(191, 3, 'FW', '7', '27', 125, 3),
(882, 3, 'FW', '8', '22', 43, 12),
(193, 3, 'FW', '9', '31', 171, 19),
(883, 3, 'FW', '10', '19', 110, 12),
(884, 3, 'FW', '11', '21', 44, 3),
(885, 3, 'MF', '12', '23', 102, 5),
(189, 3, 'MF', '13', '27', 171, 19),
(198, 3, 'MF', '14', '31', 121, 2),
(886, 3, 'MF', '15', '29', 122, 3),
(200, 3, 'GK', '16', '33', 24, 12),
(188, 3, 'DF', '17', '32', 24, 12),
(887, 3, 'FW', '18', '24', 120, 12),
(888, 3, 'DF', '19', '25', 43, 12),
(889, 3, 'FW', '20', '25', 24, 12),
(890, 3, 'DF', '21', '22', 125, 3),
(891, 3, 'DF', '22', '23', 97, 19),
(892, 3, 'GK', '23', '25', 110, 12),
(893, 3, 'GK', '1', '28', 341, 1),
(894, 3, 'DF', '2', '34', 342, 61),
(895, 3, 'DF', '3', '29', 343, 62),
(896, 3, 'DF', '4', '26', 344, 1),
(897, 3, 'DF', '5', '23', 345, 62),
(898, 3, 'DF', '6', '25', 346, 28),
(899, 3, 'MF', '7', '27', 347, 4),
(900, 3, 'MF', '8', '26', 348, 28),
(901, 3, 'FW', '9', '34', 346, 28),
(902, 3, 'FW', '10', '33', 54, 17),
(903, 3, 'FW', '11', '27', 349, 1),
(904, 3, 'GK', '12', '26', 350, 62),
(905, 3, 'MF', '13', '22', 317, 7),
(906, 3, 'MF', '14', '23', 351, 6),
(907, 3, 'DF', '15', '29', 341, 1),
(908, 3, 'MF', '16', '23', 341, 1),
(909, 3, 'DF', '17', '28', 352, 1),
(910, 3, 'FW', '18', '27', 129, 19),
(911, 3, 'MF', '19', '28', 353, 6),
(912, 3, 'FW', '20', '24', 354, 44),
(913, 3, 'GK', '21', '32', 355, 62),
(914, 3, 'DF', '22', '23', 356, 62),
(915, 3, 'MF', '23', '23', 352, 1),
(916, 3, 'GK', '1', '32', 16, 1),
(917, 3, 'DF', '2', '31', 122, 3),
(918, 3, 'DF', '3', '25', 89, 7),
(919, 3, 'DF', '4', '31', 215, 2),
(920, 3, 'MF', '5', '32', 199, 2),
(921, 3, 'DF', '6', '31', 118, 2),
(922, 3, 'MF', '7', '29', 122, 3),
(923, 3, 'DF', '8', '26', 37, 4),
(924, 3, 'FW', '9', '30', 121, 2),
(925, 3, 'FW', '10', '30', 44, 3),
(926, 3, 'MF', '11', '30', 110, 12),
(927, 3, 'GK', '12', '31', 357, 29),
(928, 3, 'MF', '13', '25', 304, 29),
(929, 3, 'DF', '14', '34', 358, 25),
(930, 3, 'MF', '15', '32', 357, 29),
(931, 3, 'DF', '16', '28', 126, 19),
(932, 3, 'DF', '17', '30', 97, 19),
(933, 3, 'DF', '18', '27', 9, 4),
(934, 3, 'FW', '19', '30', 97, 19),
(935, 3, 'MF', '20', '22', 110, 12),
(936, 3, 'FW', '21', '24', 121, 2),
(937, 3, 'MF', '22', '22', 301, 29),
(938, 3, 'GK', '23', '36', 171, 19),
(939, 3, 'GK', '1', '23', 130, 41),
(514, 3, 'DF', '2', '26', 125, 3),
(515, 3, 'DF', '3', '30', 197, 2),
(516, 3, 'FW', '4', '29', 72, 2),
(517, 3, 'DF', '5', '32', 54, 17),
(940, 3, 'DF', '6', '28', 117, 19),
(519, 3, 'MF', '7', '30', 44, 3),
(520, 3, 'MF', '8', '24', 39, 3),
(521, 3, 'FW', '9', '26', 114, 5),
(522, 3, 'MF', '10', '32', 39, 3),
(526, 3, 'MF', '11', '25', 72, 2),
(524, 3, 'GK', '12', '28', 359, 20),
(518, 3, 'DF', '13', '22', 14, 5),
(941, 3, 'MF', '14', '26', 157, 41),
(942, 3, 'DF', '15', '21', 361, 26),
(528, 3, 'FW', '16', '30', 199, 2),
(529, 3, 'FW', '17', '32', 121, 2),
(943, 3, 'FW', '18', '24', 8, 5),
(531, 3, 'MF', '19', '29', 3, 2),
(532, 3, 'FW', '20', '23', 113, 5),
(533, 3, 'DF', '21', '29', 46, 18),
(944, 3, 'DF', '22', '29', 202, 38),
(535, 3, 'GK', '23', '33', 43, 12),
(637, 3, 'GK', '1', '34', 363, 44),
(638, 3, 'DF', '2', '33', 364, 63),
(945, 3, 'MF', '3', '22', 365, 22),
(946, 3, 'MF', '4', '20', 15, 7),
(641, 3, 'DF', '5', '24', 52, 17),
(642, 3, 'DF', '6', '31', 52, 17),
(643, 3, 'MF', '7', '27', 174, 19),
(644, 3, 'MF', '8', '30', 245, 14),
(949, 3, 'FW', '9', '27', 52, 17),
(646, 3, 'MF', '10', '28', 173, 19),
(647, 3, 'FW', '11', '29', 164, 5),
(952, 3, 'GK', '12', '23', 366, 73),
(953, 3, 'GK', '13', '23', 238, 44),
(650, 3, 'DF', '14', '35', 186, 27),
(954, 3, 'DF', '15', '27', 367, 45),
(955, 3, 'MF', '16', '35', 368, 18),
(653, 3, 'MF', '17', '29', 265, 14),
(956, 3, 'DF', '18', '25', 61, 14),
(957, 3, 'MF', '19', '30', 369, 35),
(656, 3, 'MF', '20', '33', 268, 2),
(657, 3, 'MF', '21', '25', 251, 42),
(651, 3, 'FW', '22', '26', 176, 14),
(659, 3, 'DF', '23', '31', 261, 20),
(960, 3, 'GK', '1', '29', 370, 64),
(961, 3, 'DF', '2', '26', 201, 17),
(962, 3, 'DF', '3', '30', 371, 74),
(963, 3, 'MF', '4', '21', 123, 19),
(964, 3, 'DF', '5', '24', 68, 18),
(965, 3, 'DF', '6', '29', 163, 5),
(966, 3, 'FW', '7', '25', 48, 17),
(967, 3, 'MF', '8', '22', 372, 3),
(968, 3, 'FW', '9', '28', 373, 25),
(969, 3, 'MF', '10', '31', 374, 25),
(970, 3, 'FW', '11', '27', 171, 19),
(971, 3, 'DF', '12', '25', 68, 18),
(972, 3, 'FW', '13', '26', 375, 2),
(973, 3, 'FW', '14', '22', 123, 19),
(974, 3, 'MF', '15', '27', 215, 2),
(975, 3, 'GK', '16', '32', 376, 11),
(976, 3, 'MF', '17', '25', 236, 18),
(977, 3, 'FW', '18', '22', 101, 19),
(978, 3, 'MF', '19', '30', 133, 49),
(979, 3, 'DF', '20', '21', 145, 12),
(980, 3, 'DF', '21', '22', 377, 7),
(981, 3, 'DF', '22', '24', 168, 18),
(982, 3, 'GK', '23', '19', 336, 3),
(983, 3, 'GK', '1', '25', 118, 2),
(984, 3, 'DF', '2', '33', 110, 12),
(985, 3, 'DF', '3', '33', 72, 2),
(986, 3, 'DF', '4', '32', 378, 28),
(987, 3, 'MF', '5', '26', 39, 3),
(988, 3, 'DF', '6', '32', 125, 3),
(989, 3, 'FW', '7', '27', 121, 2),
(990, 3, 'MF', '8', '30', 379, 25),
(991, 3, 'FW', '9', '21', 97, 19),
(992, 3, 'FW', '10', '26', 110, 12),
(993, 3, 'MF', '11', '26', 44, 3),
(994, 3, 'DF', '12', '30', 39, 3),
(995, 3, 'DF', '13', '24', 110, 12),
(633, 3, 'DF', '14', '26', 97, 19),
(996, 3, 'MF', '15', '29', 44, 3),
(997, 3, 'GK', '16', '31', 380, 28),
(998, 3, 'MF', '17', '33', 97, 19),
(999, 3, 'MF', '18', '25', 204, 38),
(1000, 3, 'MF', '19', '29', 171, 19),
(1001, 3, 'FW', '20', '26', 117, 19),
(1002, 3, 'FW', '21', '30', 204, 38),
(1003, 3, 'DF', '22', '29', 380, 28),
(1004, 3, 'GK', '23', '24', 97, 19),
(1005, 3, 'GK', '1', '31', 39, 3),
(1006, 3, 'DF', '2', '34', 381, 61),
(1007, 3, 'DF', '3', '30', 244, 2),
(1008, 3, 'DF', '4', '20', 252, 42),
(1009, 3, 'MF', '5', '30', 336, 3),
(1010, 3, 'DF', '6', '29', 5, 3),
(1011, 3, 'MF', '7', '34', 382, 65),
(1012, 3, 'DF', '8', '28', 20, 14),
(1013, 3, 'MF', '9', '33', 382, 65),
(1014, 3, 'MF', '10', '32', 37, 4),
(1015, 3, 'FW', '11', '29', 382, 65),
(1016, 3, 'FW', '12', '25', 383, 3),
(1017, 3, 'MF', '13', '29', 384, 6),
(1018, 3, 'MF', '14', '33', 385, 65),
(1019, 3, 'DF', '15', '25', 386, 6),
(1020, 3, 'DF', '16', '28', 75, 27),
(1021, 3, 'MF', '17', '26', 387, 24),
(1022, 3, 'GK', '18', '36', 388, 65),
(1023, 3, 'DF', '19', '30', 389, 6),
(1024, 3, 'MF', '20', '28', 351, 6),
(1025, 3, 'FW', '21', '28', 284, 6),
(1026, 3, 'DF', '22', '29', 388, 65),
(1027, 3, 'GK', '23', '28', 385, 65),
(1028, 3, 'GK', '1', '34', 390, 66),
(1029, 3, 'DF', '2', '34', 6, 3),
(1030, 3, 'DF', '3', '33', 46, 18),
(1031, 3, 'MF', '4', '27', 124, 19),
(1032, 3, 'DF', '5', '25', 391, 20),
(1033, 3, 'DF', '6', '34', 40, 17),
(1034, 3, 'MF', '7', '21', 9, 4),
(1035, 3, 'FW', '8', '28', 158, 10),
(1036, 3, 'FW', '9', '23', 182, 14),
(1037, 3, 'MF', '10', '29', 47, 19),
(1038, 3, 'DF', '11', '32', 118, 2),
(1039, 3, 'GK', '12', '22', 392, 49),
(1040, 3, 'DF', '13', '22', 230, 5),
(1041, 3, 'DF', '14', '27', 393, 66),
(1042, 3, 'DF', '15', '20', 3, 2),
(1043, 3, 'MF', '16', '22', 265, 14),
(1044, 3, 'MF', '17', '25', 169, 5),
(1045, 3, 'FW', '18', '22', 393, 66),
(1046, 3, 'FW', '19', '20', 8, 5),
(1047, 3, 'MF', '20', '23', 144, 2),
(1048, 3, 'MF', '21', '29', 126, 19),
(1049, 3, 'MF', '22', '26', 215, 2),
(1050, 3, 'GK', '23', '26', 394, 3),
(254, 3, 'GK', '1', '29', 116, 5),
(255, 3, 'DF', '2', '34', 121, 2),
(256, 3, 'DF', '3', '27', 161, 12),
(257, 3, 'DF', '4', '21', 116, 5),
(1051, 3, 'DF', '5', '22', 41, 5),
(259, 3, 'DF', '6', '27', 154, 24),
(260, 3, 'FW', '7', '21', 113, 5),
(1052, 3, 'MF', '8', '26', 339, 2),
(262, 3, 'FW', '9', '26', 9, 4),
(263, 3, 'MF', '10', '25', 101, 19),
(264, 3, 'MF', '11', '33', 268, 2),
(1053, 3, 'GK', '12', '24', 115, 5),
(266, 3, 'DF', '13', '25', 199, 2),
(1054, 3, 'MF', '14', '26', 114, 5),
(268, 3, 'MF', '15', '32', 244, 2),
(269, 3, 'MF', '16', '31', 8, 5),
(267, 3, 'MF', '17', '21', 116, 5),
(1055, 3, 'FW', '18', '28', 130, 41),
(1056, 3, 'FW', '19', '25', 116, 5),
(273, 3, 'DF', '20', '31', 395, 18),
(274, 3, 'GK', '21', '27', 41, 5),
(275, 3, 'DF', '22', '26', 336, 3),
(276, 3, 'MF', '23', '26', 170, 19),
(360, 3, 'GK', '1', '32', 102, 5),
(166, 3, 'DF', '2', '26', 112, 5),
(164, 3, 'DF', '3', '28', 111, 5),
(165, 3, 'DF', '4', '24', 116, 5),
(362, 3, 'DF', '5', '29', 102, 5),
(363, 3, 'MF', '6', '31', 121, 2),
(168, 3, 'MF', '7', '24', 110, 12),
(372, 3, 'MF', '8', '28', 39, 3),
(172, 3, 'FW', '9', '22', 115, 5),
(365, 3, 'MF', '10', '29', 101, 19),
(1057, 3, 'FW', '11', '29', 41, 5),
(162, 3, 'GK', '12', '27', 110, 12),
(368, 3, 'MF', '13', '28', 102, 5),
(169, 3, 'MF', '14', '23', 113, 5),
(178, 3, 'DF', '15', '22', 102, 5),
(177, 3, 'DF', '16', '25', 171, 19),
(371, 3, 'DF', '17', '29', 102, 5),
(179, 3, 'DF', '18', '23', 102, 5),
(182, 3, 'MF', '19', '28', 102, 5),
(181, 3, 'MF', '20', '22', 14, 5),
(1059, 3, 'MF', '21', '27', 97, 19),
(183, 3, 'GK', '22', '26', 44, 3),
(374, 3, 'FW', '23', '32', 274, 5),
(1060, 3, 'GK', '1', '37', 99, 1),
(1061, 3, 'DF', '2', '31', 16, 1),
(3, 3, 'DF', '3', '24', 8, 5),
(4, 3, 'DF', '4', '39', 4, 1),
(1062, 3, 'MF', '5', '22', 18, 1),
(6, 3, 'MF', '6', '28', 10, 6),
(7, 3, 'MF', '7', '29', 122, 3),
(8, 3, 'FW', '8', '28', 8, 5),
(9, 3, 'FW', '9', '27', 9, 4),
(10, 3, 'MF', '10', '29', 10, 6),
(11, 3, 'FW', '11', '29', 284, 6),
(12, 3, 'GK', '12', '35', 12, 1),
(13, 3, 'GK', '13', '32', 92, 20),
(14, 3, 'FW', '14', '30', 42, 19),
(15, 3, 'DF', '15', '30', 11, 3),
(16, 3, 'DF', '16', '28', 7, 4),
(1063, 3, 'MF', '17', '25', 7, 4),
(18, 3, 'MF', '18', '31', 383, 3),
(19, 3, 'FW', '19', '34', 17, 1),
(20, 3, 'MF', '20', '28', 16, 1),
(1064, 3, 'DF', '21', '20', 17, 1),
(22, 3, 'FW', '22', '22', 15, 7),
(1065, 3, 'MF', '23', '23', 397, 1),
(1066, 3, 'GK', '1', '27', 398, 21),
(1067, 3, 'DF', '2', '31', 399, 60),
(1068, 3, 'DF', '3', '24', 400, 21),
(1069, 3, 'DF', '4', '30', 401, 60),
(1070, 3, 'DF', '5', '29', 402, 60),
(1071, 3, 'DF', '6', '31', 403, 60),
(1072, 3, 'FW', '7', '25', 119, 19),
(1073, 3, 'MF', '8', '27', 404, 60),
(1074, 3, 'FW', '9', '30', 399, 60),
(1075, 3, 'MF', '10', '20', 405, 2),
(1076, 3, 'FW', '11', '22', 361, 26),
(1077, 3, 'DF', '12', '28', 406, 60),
(1078, 3, 'MF', '13', '29', 164, 5),
(1079, 3, 'DF', '14', '27', 406, 60),
(1080, 3, 'MF', '15', '28', 398, 21),
(1081, 3, 'MF', '16', '29', 177, 19),
(1082, 3, 'MF', '17', '25', 399, 60),
(1083, 3, 'MF', '18', '26', 407, 60),
(1084, 3, 'DF', '19', '28', 408, 25),
(1085, 3, 'DF', '20', '26', 409, 21),
(1086, 3, 'GK', '21', '30', 410, 21),
(1087, 3, 'DF', '22', '30', 411, 60),
(1088, 3, 'GK', '23', '26', 412, 28),
(616, 3, 'GK', '1', '28', 249, 44),
(606, 3, 'DF', '2', '31', 75, 27),
(618, 3, 'DF', '3', '23', 126, 19),
(608, 3, 'DF', '4', '33', 292, 17),
(609, 3, 'DF', '5', '30', 177, 19),
(621, 3, 'DF', '6', '24', 230, 5),
(611, 3, 'MF', '7', '33', 247, 14),
(612, 3, 'MF', '8', '28', 169, 5),
(615, 3, 'FW', '9', '31', 413, 23),
(610, 3, 'MF', '10', '26', 115, 5),
(624, 3, 'FW', '11', '26', 414, 3),
(1089, 3, 'GK', '12', '28', 415, 12),
(1090, 3, 'MF', '13', '31', 416, 6),
(1091, 3, 'DF', '14', '25', 244, 2),
(619, 3, 'MF', '15', '25', 166, 2),
(1092, 3, 'DF', '16', '23', 244, 2),
(1093, 3, 'MF', '17', '26', 292, 17),
(617, 3, 'DF', '18', '27', 26, 14),
(1094, 3, 'MF', '19', '27', 375, 2),
(1095, 3, 'FW', '20', '31', 161, 12),
(625, 3, 'MF', '21', '29', 161, 12),
(1096, 3, 'FW', '22', '25', 417, 20),
(1097, 3, 'GK', '23', '28', 177, 19),
(536, 3, 'GK', '1', '26', 171, 19),
(537, 3, 'DF', '2', '29', 119, 19),
(538, 3, 'DF', '3', '32', 44, 3),
(1098, 3, 'DF', '4', '32', 97, 19),
(540, 3, 'DF', '5', '31', 119, 19),
(541, 3, 'MF', '6', '29', 418, 25),
(542, 3, 'MF', '7', '26', 97, 19),
(543, 3, 'MF', '8', '30', 126, 19),
(544, 3, 'FW', '9', '25', 126, 19),
(545, 3, 'FW', '10', '27', 171, 19),
(1099, 3, 'MF', '11', '24', 327, 25),
(547, 3, 'GK', '12', '30', 117, 19),
(1100, 3, 'GK', '13', '25', 165, 5),
(549, 3, 'FW', '14', '31', 134, 2),
(551, 3, 'DF', '15', '26', 110, 12),
(1101, 3, 'MF', '16', '25', 116, 5),
(1102, 3, 'MF', '17', '21', 43, 12),
(1103, 3, 'FW', '18', '23', 11, 3),
(554, 3, 'MF', '19', '30', 119, 19),
(1104, 3, 'DF', '20', '27', 75, 27),
(557, 3, 'FW', '21', '24', 41, 5),
(1105, 3, 'MF', '22', '28', 178, 19),
(1106, 3, 'DF', '23', '23', 391, 20),
(1107, 3, 'GK', '1', '24', 173, 19),
(278, 3, 'DF', '2', '28', 97, 19),
(279, 3, 'DF', '3', '27', 119, 19),
(293, 3, 'MF', '4', '24', 119, 19),
(292, 3, 'DF', '5', '24', 97, 19),
(1108, 3, 'DF', '6', '25', 123, 19),
(1109, 3, 'MF', '7', '25', 126, 19),
(290, 3, 'MF', '8', '27', 117, 19),
(285, 3, 'FW', '9', '24', 119, 19),
(283, 3, 'FW', '10', '23', 97, 19),
(287, 3, 'FW', '11', '31', 123, 19),
(1110, 3, 'DF', '12', '27', 119, 19),
(1111, 3, 'GK', '13', '25', 170, 19),
(1112, 3, 'FW', '14', '27', 101, 19),
(281, 3, 'DF', '15', '32', 171, 19),
(1113, 3, 'DF', '16', '26', 126, 19),
(1114, 3, 'DF', '17', '28', 97, 19),
(1115, 3, 'DF', '18', '32', 126, 19),
(298, 3, 'FW', '19', '20', 126, 19),
(296, 3, 'MF', '20', '22', 119, 19),
(1116, 3, 'MF', '21', '22', 124, 19),
(1117, 3, 'DF', '22', '19', 117, 19),
(1118, 3, 'GK', '23', '26', 174, 19),
(1119, 3, 'GK', '1', '36', 139, 43),
(1120, 3, 'DF', '2', '22', 419, 6),
(1121, 3, 'DF', '3', '26', 420, 6),
(1122, 3, 'DF', '4', '23', 419, 6),
(1123, 3, 'DF', '5', '32', 416, 6),
(1124, 3, 'MF', '6', '34', 421, 61),
(1125, 3, 'FW', '7', '37', 422, 69),
(1126, 3, 'MF', '8', '24', 423, 75),
(1127, 3, 'FW', '9', '29', 103, 30),
(1128, 3, 'FW', '10', '21', 424, 76),
(1129, 3, 'MF', '11', '30', 107, 30),
(1130, 3, 'GK', '12', '32', 425, 67),
(1131, 3, 'DF', '13', '33', 426, 6),
(1132, 3, 'MF', '14', '27', 427, 67),
(1133, 3, 'DF', '15', '27', 428, 32),
(1134, 3, 'FW', '16', '24', 388, 65),
(1135, 3, 'DF', '17', '29', 429, 68),
(1136, 3, 'FW', '18', '36', 430, 62),
(1137, 3, 'MF', '19', '21', 359, 20),
(1138, 3, 'MF', '20', '28', 420, 6),
(1139, 3, 'MF', '21', '19', 359, 20),
(1140, 3, 'GK', '22', '27', 431, 67),
(1141, 3, 'DF', '23', '37', 422, 69),
(1142, 3, 'GK', '1', '28', 297, 48),
(1143, 3, 'DF', '2', '29', 168, 18),
(1144, 3, 'DF', '3', '31', 123, 19),
(1145, 3, 'DF', '4', '24', 432, 70),
(1146, 3, 'DF', '5', '26', 433, 12),
(1147, 3, 'DF', '6', '28', 434, 70),
(1148, 3, 'FW', '7', '23', 435, 12),
(1149, 3, 'FW', '8', '26', 436, 48),
(1150, 3, 'MF', '9', '27', 437, 70),
(1151, 3, 'FW', '10', '27', 128, 12),
(1152, 3, 'DF', '11', '22', 359, 20),
(1153, 3, 'DF', '12', '28', 285, 55),
(1154, 3, 'MF', '13', '26', 295, 48),
(1155, 3, 'MF', '14', '26', 294, 48),
(1156, 3, 'FW', '15', '23', 438, 70),
(1157, 3, 'GK', '16', '33', 439, 48),
(1158, 3, 'MF', '17', '23', 440, 12),
(1159, 3, 'FW', '18', '20', 441, 12),
(1160, 3, 'FW', '19', '31', 438, 70),
(1161, 3, 'FW', '20', '24', 437, 70),
(1162, 3, 'DF', '21', '25', 286, 55),
(1163, 3, 'GK', '22', '23', 442, 33),
(1164, 3, 'FW', '23', '25', 433, 12),
(1165, 3, 'GK', '1', '29', 101, 19),
(1166, 3, 'DF', '2', '31', 199, 2),
(1167, 3, 'DF', '3', '30', 18, 1),
(1168, 3, 'DF', '4', '26', 15, 7),
(1169, 3, 'MF', '5', '24', 301, 29),
(1170, 3, 'MF', '6', '32', 5, 3),
(1171, 3, 'FW', '7', '31', 6, 3),
(1172, 3, 'MF', '8', '33', 443, 61),
(1173, 3, 'FW', '9', '32', 43, 12),
(1174, 3, 'MF', '10', '26', 102, 5),
(1175, 3, 'MF', '11', '30', 121, 2),
(1176, 3, 'GK', '12', '29', 443, 61),
(1177, 3, 'DF', '13', '23', 44, 3),
(1178, 3, 'FW', '14', '27', 122, 3),
(1179, 3, 'MF', '15', '27', 17, 1),
(1180, 3, 'MF', '16', '23', 298, 3),
(1181, 3, 'DF', '17', '25', 303, 3),
(1182, 3, 'DF', '18', '34', 444, 72),
(1183, 3, 'FW', '19', '25', 445, 28),
(1184, 3, 'MF', '20', '25', 357, 29),
(1185, 3, 'FW', '21', '25', 234, 19),
(1186, 3, 'GK', '22', '33', 446, 61),
(1187, 3, 'DF', '23', '22', 119, 19),
(1188, 3, 'GK', '1', '35', 87, 12),
(1189, 3, 'DF', '2', '23', 447, 21),
(1190, 3, 'DF', '3', '25', 447, 21),
(1191, 3, 'MF', '4', '32', 18, 1),
(1192, 3, 'DF', '5', '31', 200, 18),
(1193, 3, 'DF', '6', '25', 332, 21),
(1194, 3, 'MF', '7', '26', 319, 3),
(1195, 3, 'MF', '8', '27', 448, 35),
(1196, 3, 'FW', '9', '32', 123, 19),
(1197, 3, 'MF', '10', '29', 41, 5),
(1198, 3, 'MF', '11', '26', 448, 35),
(1199, 3, 'GK', '12', '32', 449, 21),
(1200, 3, 'FW', '13', '25', 163, 5),
(1201, 3, 'MF', '14', '30', 394, 3),
(1202, 3, 'FW', '15', '28', 111, 5),
(1203, 3, 'MF', '16', '27', 410, 21),
(1204, 3, 'MF', '17', '34', 8, 5),
(1205, 3, 'MF', '18', '25', 450, 21),
(1206, 3, 'DF', '19', '28', 24, 12),
(1207, 3, 'DF', '20', '31', 332, 21),
(1208, 3, 'DF', '21', '27', 169, 5),
(1209, 3, 'DF', '22', '29', 47, 19),
(1210, 3, 'GK', '23', '23', 451, 21),
(398, 3, 'GK', '1', '28', 121, 2),
(399, 3, 'DF', '2', '30', 191, 39),
(400, 3, 'DF', '3', '30', 191, 39),
(401, 3, 'DF', '4', '32', 452, 2),
(1211, 3, 'DF', '5', '22', 47, 19),
(1212, 3, 'MF', '6', '25', 132, 45),
(404, 3, 'FW', '7', '24', 134, 2),
(405, 3, 'MF', '8', '23', 197, 2),
(406, 3, 'FW', '9', '29', 102, 5),
(407, 3, 'MF', '10', '28', 178, 19),
(408, 3, 'MF', '11', '30', 247, 14),
(1213, 3, 'GK', '12', '30', 30, 14),
(1214, 3, 'MF', '13', '28', 54, 17),
(1215, 3, 'FW', '14', '27', 391, 20),
(412, 3, 'DF', '15', '30', 43, 12),
(413, 3, 'MF', '16', '32', 165, 5),
(414, 3, 'MF', '17', '33', 214, 39),
(1216, 3, 'DF', '18', '25', 197, 2),
(416, 3, 'MF', '19', '24', 134, 2),
(417, 3, 'DF', '20', '33', 41, 5),
(1217, 3, 'MF', '21', '25', 453, 39),
(419, 3, 'GK', '22', '33', 177, 19),
(1218, 3, 'FW', '23', '21', 197, 2),
(1219, 3, 'GK', '1', '26', 128, 12),
(1220, 3, 'DF', '2', '24', 323, 12),
(1221, 3, 'DF', '3', '26', 134, 2),
(1222, 3, 'DF', '4', '28', 391, 20),
(1223, 3, 'MF', '5', '28', 173, 19),
(1224, 3, 'MF', '6', '27', 280, 5),
(1225, 3, 'FW', '7', '32', 68, 18),
(1226, 3, 'MF', '8', '28', 42, 19),
(1227, 3, 'FW', '9', '30', 170, 19),
(1228, 3, 'FW', '10', '26', 117, 19),
(1229, 3, 'MF', '11', '32', 183, 14),
(1230, 3, 'DF', '12', '25', 233, 12),
(1231, 3, 'MF', '13', '28', 181, 14),
(1232, 3, 'FW', '14', '25', 455, 12),
(1233, 3, 'FW', '15', '28', 128, 12),
(1234, 3, 'GK', '16', '33', 456, 71),
(1235, 3, 'MF', '17', '27', 170, 19),
(1236, 3, 'FW', '18', '20', 128, 12),
(1237, 3, 'FW', '19', '23', 215, 2),
(1238, 3, 'FW', '20', '23', 43, 12),
(1239, 3, 'DF', '21', '28', 457, 18);
INSERT INTO `player_tournament` (`player_id`, `tournament_id`, `position`, `number`, `age`, `club_id`, `league_id`) VALUES
(1240, 3, 'DF', '22', '19', 458, 20),
(1241, 3, 'GK', '23', '24', 452, 2),
(983, 4, 'GK', '1', '26', 117, 19),
(984, 4, 'DF', '2', '34', 110, 12),
(985, 4, 'DF', '3', '34', 72, 2),
(995, 4, 'DF', '4', '25', 110, 12),
(987, 4, 'MF', '5', '27', 39, 3),
(988, 4, 'DF', '6', '33', 125, 3),
(1242, 4, 'FW', '7', '22', 89, 7),
(1243, 4, 'MF', '8', '22', 44, 3),
(991, 4, 'FW', '9', '22', 97, 19),
(1000, 4, 'MF', '10', '30', 171, 19),
(993, 4, 'MF', '11', '27', 44, 3),
(1244, 4, 'DF', '12', '28', 121, 2),
(1245, 4, 'DF', '13', '36', 110, 12),
(1246, 4, 'DF', '14', '21', 7, 4),
(1247, 4, 'MF', '15', '28', 134, 2),
(997, 4, 'GK', '16', '32', 380, 28),
(998, 4, 'MF', '17', '34', 97, 19),
(1248, 4, 'MF', '18', '21', 199, 2),
(1249, 4, 'FW', '19', '23', 378, 28),
(1001, 4, 'FW', '20', '27', 117, 19),
(1250, 4, 'FW', '21', '22', 173, 19),
(1003, 4, 'DF', '22', '30', 380, 28),
(1004, 4, 'GK', '23', '25', 97, 19),
(1251, 4, 'GK', '1', '32', 519, 77),
(1252, 4, 'DF', '2', '29', 461, 77),
(1253, 4, 'MF', '3', '28', 344, 1),
(1254, 4, 'DF', '4', '21', 344, 1),
(1255, 4, 'DF', '5', '30', 462, 77),
(1256, 4, 'MF', '6', '23', 463, 77),
(1257, 4, 'MF', '7', '26', 463, 77),
(1258, 4, 'DF', '8', '27', 463, 77),
(1259, 4, 'FW', '9', '31', 464, 81),
(1260, 4, 'MF', '10', '27', 465, 77),
(1261, 4, 'FW', '11', '23', 466, 77),
(1262, 4, 'GK', '12', '20', 466, 77),
(1263, 4, 'DF', '13', '21', 466, 77),
(1264, 4, 'MF', '14', '29', 467, 77),
(1265, 4, 'MF', '15', '24', 466, 77),
(1266, 4, 'MF', '16', '25', 467, 77),
(1267, 4, 'DF', '17', '31', 467, 77),
(1268, 4, 'FW', '18', '27', 468, 77),
(1269, 4, 'MF', '19', '19', 467, 77),
(1270, 4, 'MF', '20', '29', 468, 77),
(1271, 4, 'DF', '21', '19', 466, 77),
(1272, 4, 'DF', '22', '26', 463, 77),
(1273, 4, 'GK', '23', '23', 461, 77),
(1274, 4, 'GK', '1', '21', 469, 61),
(1275, 4, 'DF', '2', '26', 470, 76),
(1276, 4, 'DF', '3', '25', 347, 4),
(1277, 4, 'DF', '4', '27', 294, 48),
(1278, 4, 'MF', '5', '25', 471, 6),
(1279, 4, 'MF', '6', '21', 472, 3),
(1280, 4, 'MF', '7', '26', 473, 31),
(1281, 4, 'MF', '8', '31', 215, 2),
(1282, 4, 'FW', '9', '27', 474, 61),
(1283, 4, 'MF', '10', '22', 475, 6),
(1284, 4, 'MF', '11', '25', 472, 3),
(1285, 4, 'GK', '12', '22', 476, 78),
(1286, 4, 'MF', '13', '32', 477, 61),
(1287, 4, 'DF', '14', '24', 108, 30),
(1288, 4, 'MF', '15', '23', 478, 4),
(1289, 4, 'DF', '16', '30', 5, 3),
(1290, 4, 'FW', '17', '26', 479, 6),
(1291, 4, 'MF', '18', '21', 480, 28),
(1292, 4, 'MF', '19', '29', 481, 78),
(1293, 4, 'DF', '20', '21', 482, 22),
(1294, 4, 'DF', '21', '28', 10, 6),
(1295, 4, 'GK', '22', '29', 483, 79),
(1296, 4, 'FW', '23', '29', 127, 19),
(893, 4, 'GK', '1', '29', 345, 62),
(1297, 4, 'DF', '2', '23', 484, 29),
(895, 4, 'DF', '3', '30', 343, 62),
(896, 4, 'DF', '4', '27', 4, 1),
(897, 4, 'DF', '5', '24', 485, 29),
(898, 4, 'DF', '6', '26', 346, 28),
(1298, 4, 'MF', '7', '31', 486, 30),
(900, 4, 'MF', '8', '27', 480, 28),
(901, 4, 'FW', '9', '35', 106, 28),
(902, 4, 'FW', '10', '34', 54, 17),
(903, 4, 'FW', '11', '28', 416, 6),
(904, 4, 'GK', '12', '27', 356, 62),
(905, 4, 'MF', '13', '23', 194, 7),
(906, 4, 'FW', '14', '24', 351, 6),
(1299, 4, 'DF', '15', '29', 154, 24),
(1300, 4, 'MF', '16', '20', 487, 62),
(909, 4, 'DF', '17', '29', 131, 3),
(910, 4, 'FW', '18', '28', 293, 48),
(911, 4, 'MF', '19', '29', 99, 1),
(912, 4, 'MF', '20', '25', 349, 1),
(1301, 4, 'GK', '21', '25', 487, 62),
(1302, 4, 'DF', '22', '27', 384, 6),
(1303, 4, 'MF', '23', '26', 487, 62),
(927, 4, 'GK', '1', '32', 357, 29),
(1304, 4, 'DF', '2', '21', 119, 19),
(918, 4, 'DF', '3', '26', 89, 7),
(1305, 4, 'DF', '4', '25', 488, 29),
(1306, 4, 'MF', '5', '24', 110, 12),
(1307, 4, 'DF', '6', '27', 3, 2),
(1308, 4, 'MF', '7', '28', 129, 19),
(923, 4, 'MF', '8', '27', 37, 4),
(934, 4, 'FW', '9', '31', 97, 19),
(925, 4, 'FW', '10', '31', 44, 3),
(926, 4, 'MF', '11', '31', 110, 12),
(1309, 4, 'GK', '12', '31', 17, 1),
(1310, 4, 'DF', '13', '28', 6, 3),
(1311, 4, 'DF', '14', '31', 357, 29),
(1312, 4, 'MF', '15', '29', 16, 1),
(1313, 4, 'MF', '16', '25', 268, 2),
(932, 4, 'DF', '17', '31', 97, 19),
(1314, 4, 'MF', '18', '25', 17, 1),
(1315, 4, 'FW', '19', '31', 357, 29),
(935, 4, 'MF', '20', '23', 383, 3),
(936, 4, 'FW', '21', '25', 121, 2),
(1316, 4, 'FW', '22', '21', 72, 2),
(1317, 4, 'GK', '23', '25', 268, 2),
(1165, 4, 'GK', '1', '30', 134, 2),
(1166, 4, 'DF', '2', '32', 199, 2),
(1318, 4, 'DF', '3', '27', 300, 1),
(1168, 4, 'DF', '4', '27', 125, 3),
(1169, 4, 'MF', '5', '25', 40, 17),
(1319, 4, 'DF', '6', '29', 489, 1),
(1320, 4, 'FW', '7', '28', 339, 2),
(1321, 4, 'MF', '8', '26', 18, 1),
(1173, 4, 'FW', '9', '33', 43, 12),
(1174, 4, 'MF', '10', '27', 102, 5),
(1175, 4, 'MF', '11', '31', 121, 2),
(1176, 4, 'GK', '12', '30', 443, 61),
(1177, 4, 'DF', '13', '24', 173, 19),
(1322, 4, 'FW', '14', '22', 490, 61),
(1179, 4, 'MF', '15', '28', 17, 1),
(1180, 4, 'MF', '16', '24', 212, 19),
(1323, 4, 'DF', '17', '26', 37, 4),
(1324, 4, 'MF', '18', '26', 346, 28),
(1178, 4, 'FW', '19', '28', 3, 2),
(1325, 4, 'FW', '20', '24', 17, 1),
(1326, 4, 'DF', '21', '20', 55, 20),
(1327, 4, 'GK', '22', '24', 491, 61),
(1187, 4, 'DF', '23', '23', 119, 19),
(1328, 4, 'GK', '1', '35', 492, 29),
(1329, 4, 'DF', '2', '30', 493, 72),
(1330, 4, 'DF', '3', '23', 494, 72),
(1331, 4, 'DF', '4', '27', 42, 19),
(1332, 4, 'DF', '5', '26', 17, 1),
(1333, 4, 'MF', '6', '23', 444, 72),
(1334, 4, 'FW', '7', '36', 493, 72),
(1335, 4, 'MF', '8', '31', 444, 72),
(1336, 4, 'FW', '9', '28', 244, 2),
(1337, 4, 'FW', '10', '25', 480, 28),
(1338, 4, 'FW', '11', '26', 397, 1),
(1339, 4, 'GK', '12', '31', 495, 28),
(1340, 4, 'DF', '13', '26', 301, 29),
(1341, 4, 'DF', '14', '28', 444, 72),
(1342, 4, 'DF', '15', '26', 445, 28),
(1343, 4, 'MF', '16', '30', 300, 1),
(1344, 4, 'MF', '17', '30', 5, 3),
(1345, 4, 'DF', '18', '21', 494, 72),
(1346, 4, 'FW', '19', '24', 304, 29),
(1347, 4, 'MF', '20', '23', 496, 29),
(1348, 4, 'FW', '21', '26', 497, 25),
(1349, 4, 'GK', '22', '30', 444, 72),
(1350, 4, 'MF', '23', '25', 127, 19),
(1351, 4, 'GK', '1', '29', 310, 50),
(1352, 4, 'DF', '2', '28', 310, 50),
(1353, 4, 'DF', '3', '25', 310, 50),
(1354, 4, 'DF', '4', '27', 190, 50),
(1355, 4, 'DF', '5', '21', 310, 50),
(1356, 4, 'MF', '6', '28', 190, 50),
(1357, 4, 'FW', '7', '26', 190, 50),
(1358, 4, 'DF', '8', '32', 310, 50),
(1359, 4, 'MF', '9', '22', 498, 50),
(1360, 4, 'FW', '10', '28', 310, 50),
(1361, 4, 'FW', '11', '22', 310, 50),
(1362, 4, 'MF', '12', '28', 498, 50),
(1363, 4, 'DF', '13', '22', 190, 50),
(1364, 4, 'MF', '14', '23', 310, 50),
(1365, 4, 'DF', '15', '21', 498, 50),
(1366, 4, 'MF', '16', '28', 310, 50),
(1367, 4, 'MF', '17', '23', 499, 50),
(1368, 4, 'MF', '18', '26', 500, 50),
(1369, 4, 'FW', '19', '22', 498, 50),
(1370, 4, 'MF', '20', '31', 498, 50),
(1371, 4, 'GK', '21', '23', 190, 50),
(1372, 4, 'GK', '22', '22', 501, 50),
(1373, 4, 'DF', '23', '22', 498, 50),
(761, 4, 'GK', '1', '32', 200, 18),
(762, 4, 'DF', '2', '24', 125, 3),
(763, 4, 'DF', '3', '33', 72, 2),
(1374, 4, 'DF', '4', '24', 299, 57),
(775, 4, 'MF', '5', '27', 72, 2),
(766, 4, 'MF', '6', '21', 121, 2),
(1375, 4, 'MF', '7', '30', 416, 6),
(768, 4, 'MF', '8', '23', 301, 29),
(769, 4, 'FW', '9', '32', 44, 3),
(770, 4, 'MF', '10', '25', 346, 28),
(771, 4, 'FW', '11', '32', 303, 3),
(772, 4, 'GK', '12', '30', 304, 29),
(1376, 4, 'DF', '13', '21', 115, 5),
(774, 4, 'MF', '14', '23', 101, 19),
(1377, 4, 'MF', '15', '20', 39, 3),
(1378, 4, 'MF', '16', '24', 15, 7),
(777, 4, 'DF', '17', '26', 199, 2),
(778, 4, 'FW', '18', '22', 104, 3),
(779, 4, 'DF', '19', '28', 37, 4),
(1379, 4, 'FW', '20', '25', 99, 1),
(781, 4, 'FW', '21', '32', 110, 12),
(782, 4, 'DF', '22', '32', 121, 2),
(783, 4, 'GK', '23', '36', 493, 72),
(1380, 4, 'GK', '1', '33', 518, 80),
(1381, 4, 'DF', '2', '28', 321, 18),
(1382, 4, 'DF', '3', '27', 348, 28),
(1383, 4, 'DF', '4', '25', 518, 3),
(1384, 4, 'MF', '5', '28', 17, 1),
(1385, 4, 'DF', '6', '24', 292, 17),
(1386, 4, 'MF', '7', '24', 386, 6),
(1387, 4, 'MF', '8', '24', 502, 6),
(1388, 4, 'FW', '9', '29', 503, 80),
(1389, 4, 'FW', '10', '31', 489, 1),
(1390, 4, 'MF', '11', '24', 2, 1),
(1391, 4, 'GK', '12', '29', 503, 80),
(1392, 4, 'FW', '13', '29', 16, 1),
(1393, 4, 'DF', '14', '24', 416, 6),
(1394, 4, 'MF', '15', '23', 504, 80),
(1395, 4, 'MF', '16', '33', 126, 19),
(1396, 4, 'DF', '17', '28', 504, 80),
(1397, 4, 'MF', '18', '26', 504, 80),
(1398, 4, 'DF', '19', '27', 518, 80),
(1399, 4, 'MF', '20', '27', 504, 80),
(1400, 4, 'DF', '21', '34', 349, 1),
(1401, 4, 'GK', '22', '32', 484, 29),
(1402, 4, 'MF', '23', '22', 353, 6),
(1188, 4, 'GK', '1', '36', 506, 12),
(1403, 4, 'DF', '2', '20', 507, 21),
(1404, 4, 'MF', '3', '22', 31, 7),
(1405, 4, 'DF', '4', '22', 69, 7),
(1189, 4, 'DF', '5', '24', 371, 20),
(1406, 4, 'MF', '6', '20', 508, 82),
(1194, 4, 'MF', '7', '27', 319, 3),
(1407, 4, 'MF', '8', '21', 169, 35),
(1408, 4, 'FW', '9', '21', 509, 21),
(1409, 4, 'MF', '10', '24', 498, 50),
(1410, 4, 'MF', '11', '22', 56, 21),
(1411, 4, 'GK', '12', '22', 510, 21),
(1412, 4, 'FW', '13', '20', 511, 83),
(1413, 4, 'DF', '14', '20', 400, 21),
(1414, 4, 'DF', '15', '20', 512, 21),
(1415, 4, 'DF', '16', '20', 513, 20),
(1416, 4, 'MF', '17', '20', 514, 21),
(1196, 4, 'FW', '18', '33', 123, 19),
(1417, 4, 'DF', '19', '22', 510, 21),
(1418, 4, 'MF', '20', '20', 447, 21),
(1419, 4, 'MF', '21', '18', 409, 21),
(1420, 4, 'DF', '22', '20', 515, 21),
(1421, 4, 'GK', '23', '19', 514, 21),
(1422, 4, 'GK', '1', '31', 488, 29),
(1423, 4, 'DF', '2', '25', 99, 1),
(1424, 4, 'DF', '3', '25', 414, 3),
(142, 4, 'DF', '4', '31', 229, 18),
(151, 4, 'DF', '5', '24', 294, 48),
(144, 4, 'MF', '6', '34', 100, 30),
(145, 4, 'FW', '7', '30', 126, 19),
(146, 4, 'MF', '8', '32', 44, 3),
(1425, 4, 'FW', '9', '26', 17, 1),
(1426, 4, 'MF', '10', '25', 2, 1),
(149, 4, 'FW', '11', '29', 16, 1),
(1427, 4, 'GK', '12', '24', 516, 30),
(1428, 4, 'MF', '13', '25', 244, 2),
(1429, 4, 'MF', '14', '29', 516, 30),
(153, 4, 'DF', '15', '35', 107, 30),
(148, 4, 'MF', '16', '32', 304, 29),
(155, 4, 'DF', '17', '31', 46, 18),
(156, 4, 'DF', '18', '33', 517, 29),
(1430, 4, 'FW', '19', '31', 457, 18),
(158, 4, 'MF', '20', '30', 14, 5),
(1431, 4, 'DF', '21', '28', 516, 30),
(147, 4, 'FW', '22', '26', 18, 1),
(1432, 4, 'GK', '23', '22', 103, 30);

-- --------------------------------------------------------

--
-- Table structure for table `tournament`
--

CREATE TABLE `tournament` (
  `tournament_id` int(6) UNSIGNED NOT NULL,
  `tournament_name` varchar(80) NOT NULL,
  `year` int(4) DEFAULT NULL,
  `image_url` varchar(100) DEFAULT NULL
) ENGINE=MyISAM DEFAULT CHARSET=latin1;

--
-- Dumping data for table `tournament`
--

INSERT INTO `tournament` (`tournament_id`, `tournament_name`, `year`, `image_url`) VALUES
(1, 'FIFA Confederations Cup 2017', 2017, '1.jpg'),
(2, 'UEFA European Cup 2016', 2016, '2.jpg'),
(3, 'FIFA World Cup 2018', 2018, '3.jpg'),
(4, 'Copa America 2019', 2019, '4.jpg');

-- --------------------------------------------------------

--
-- Table structure for table `tournament_country`
--

CREATE TABLE `tournament_country` (
  `tournament_country_id` int(6) UNSIGNED NOT NULL,
  `tournament_id` int(3) NOT NULL,
  `country_id` int(3) NOT NULL
) ENGINE=MyISAM DEFAULT CHARSET=latin1;

--
-- Dumping data for table `tournament_country`
--

INSERT INTO `tournament_country` (`tournament_country_id`, `tournament_id`, `country_id`) VALUES
(1, 1, 1),
(2, 1, 2),
(3, 1, 3),
(4, 1, 4),
(5, 1, 5),
(6, 1, 6),
(7, 1, 7),
(8, 1, 32),
(65, 3, 55),
(64, 3, 1),
(63, 3, 65),
(60, 2, 46),
(59, 2, 16),
(58, 2, 45),
(57, 2, 7),
(56, 2, 61),
(55, 2, 44),
(54, 2, 12),
(53, 2, 17),
(61, 2, 43),
(51, 2, 15),
(50, 2, 26),
(49, 2, 9),
(48, 2, 42),
(47, 2, 41),
(46, 2, 40),
(45, 2, 6),
(44, 2, 23),
(43, 2, 39),
(42, 2, 1),
(41, 2, 8),
(40, 2, 30),
(39, 2, 38),
(38, 2, 37),
(37, 2, 10),
(66, 3, 66),
(67, 3, 67),
(68, 3, 68),
(69, 3, 7),
(70, 3, 9),
(71, 3, 3),
(72, 3, 53),
(73, 3, 10),
(74, 3, 69),
(75, 3, 25),
(76, 3, 43),
(77, 3, 45),
(78, 3, 70),
(79, 3, 18),
(80, 3, 71),
(81, 3, 64),
(82, 3, 30),
(83, 3, 6),
(84, 3, 32),
(85, 3, 72),
(86, 3, 61),
(87, 3, 17),
(88, 3, 8),
(89, 3, 73),
(90, 3, 74),
(91, 3, 75),
(92, 3, 28),
(93, 3, 41),
(94, 3, 36),
(95, 4, 25),
(96, 4, 83),
(97, 4, 18),
(98, 4, 5),
(99, 4, 75),
(100, 4, 84),
(101, 4, 28),
(102, 4, 77),
(103, 4, 69),
(104, 4, 49),
(105, 4, 66),
(106, 4, 85);

--
-- Indexes for dumped tables
--

--
-- Indexes for table `city`
--
ALTER TABLE `city`
  ADD PRIMARY KEY (`city_id`),
  ADD KEY `country_id` (`country_id`);

--
-- Indexes for table `club`
--
ALTER TABLE `club`
  ADD PRIMARY KEY (`club_id`),
  ADD KEY `city_id` (`city_id`);

--
-- Indexes for table `club_league`
--
ALTER TABLE `club_league`
  ADD PRIMARY KEY (`club_id`,`league_id`),
  ADD KEY `league_id` (`league_id`);

--
-- Indexes for table `country`
--
ALTER TABLE `country`
  ADD PRIMARY KEY (`country_id`),
  ADD UNIQUE KEY `abreviation` (`abreviation`);

--
-- Indexes for table `league`
--
ALTER TABLE `league`
  ADD PRIMARY KEY (`league_id`),
  ADD UNIQUE KEY `league_name` (`league_name`),
  ADD KEY `country_id` (`country_id`);

--
-- Indexes for table `player`
--
ALTER TABLE `player`
  ADD PRIMARY KEY (`player_id`),
  ADD UNIQUE KEY `player_name` (`player_name`),
  ADD KEY `city_id` (`city_id`),
  ADD KEY `country_id` (`country_id`);

--
-- Indexes for table `player_tournament`
--
ALTER TABLE `player_tournament`
  ADD PRIMARY KEY (`player_id`,`tournament_id`),
  ADD KEY `tournament_id` (`tournament_id`),
  ADD KEY `FK_club_league` (`club_id`,`league_id`);

--
-- Indexes for table `tournament`
--
ALTER TABLE `tournament`
  ADD PRIMARY KEY (`tournament_id`),
  ADD UNIQUE KEY `tournament_name` (`tournament_name`);

--
-- Indexes for table `tournament_country`
--
ALTER TABLE `tournament_country`
  ADD PRIMARY KEY (`tournament_country_id`),
  ADD KEY `FK_tournament_id` (`tournament_id`),
  ADD KEY `FK_country_id` (`country_id`);

--
-- AUTO_INCREMENT for dumped tables
--

--
-- AUTO_INCREMENT for table `city`
--
ALTER TABLE `city`
  MODIFY `city_id` int(5) UNSIGNED NOT NULL AUTO_INCREMENT, AUTO_INCREMENT=1228;
--
-- AUTO_INCREMENT for table `club`
--
ALTER TABLE `club`
  MODIFY `club_id` int(4) UNSIGNED NOT NULL AUTO_INCREMENT, AUTO_INCREMENT=520;
--
-- AUTO_INCREMENT for table `country`
--
ALTER TABLE `country`
  MODIFY `country_id` int(3) UNSIGNED NOT NULL AUTO_INCREMENT, AUTO_INCREMENT=90;
--
-- AUTO_INCREMENT for table `league`
--
ALTER TABLE `league`
  MODIFY `league_id` int(3) UNSIGNED NOT NULL AUTO_INCREMENT, AUTO_INCREMENT=84;
--
-- AUTO_INCREMENT for table `player`
--
ALTER TABLE `player`
  MODIFY `player_id` int(6) UNSIGNED NOT NULL AUTO_INCREMENT, AUTO_INCREMENT=1433;
--
-- AUTO_INCREMENT for table `tournament`
--
ALTER TABLE `tournament`
  MODIFY `tournament_id` int(6) UNSIGNED NOT NULL AUTO_INCREMENT, AUTO_INCREMENT=5;
--
-- AUTO_INCREMENT for table `tournament_country`
--
ALTER TABLE `tournament_country`
  MODIFY `tournament_country_id` int(6) UNSIGNED NOT NULL AUTO_INCREMENT, AUTO_INCREMENT=107;
/*!40101 SET CHARACTER_SET_CLIENT=@OLD_CHARACTER_SET_CLIENT */;
/*!40101 SET CHARACTER_SET_RESULTS=@OLD_CHARACTER_SET_RESULTS */;
/*!40101 SET COLLATION_CONNECTION=@OLD_COLLATION_CONNECTION */;
